-- MySQL dump 10.13  Distrib 8.0.22, for Linux (x86_64)
--
-- Host: localhost    Database: iroom
-- ------------------------------------------------------
-- Server version	8.0.22-0ubuntu0.20.04.3

/*!40101 SET @OLD_CHARACTER_SET_CLIENT=@@CHARACTER_SET_CLIENT */;
/*!40101 SET @OLD_CHARACTER_SET_RESULTS=@@CHARACTER_SET_RESULTS */;
/*!40101 SET @OLD_COLLATION_CONNECTION=@@COLLATION_CONNECTION */;
/*!50503 SET NAMES utf8mb4 */;
/*!40103 SET @OLD_TIME_ZONE=@@TIME_ZONE */;
/*!40103 SET TIME_ZONE='+00:00' */;
/*!40014 SET @OLD_UNIQUE_CHECKS=@@UNIQUE_CHECKS, UNIQUE_CHECKS=0 */;
/*!40014 SET @OLD_FOREIGN_KEY_CHECKS=@@FOREIGN_KEY_CHECKS, FOREIGN_KEY_CHECKS=0 */;
/*!40101 SET @OLD_SQL_MODE=@@SQL_MODE, SQL_MODE='NO_AUTO_VALUE_ON_ZERO' */;
/*!40111 SET @OLD_SQL_NOTES=@@SQL_NOTES, SQL_NOTES=0 */;

--
-- Table structure for table `alarma`
--

DROP TABLE IF EXISTS `alarma`;
/*!40101 SET @saved_cs_client     = @@character_set_client */;
/*!50503 SET character_set_client = utf8mb4 */;
CREATE TABLE `alarma` (
  `ID` int NOT NULL,
  `sensorId` int NOT NULL,
  `criticidad` int DEFAULT NULL,
  `tipo` varchar(100) DEFAULT NULL,
  `texto` varchar(500) DEFAULT NULL,
  `estado` tinyint(1) DEFAULT NULL,
  `fechaActivacion` date DEFAULT NULL,
  `fechaAck` date DEFAULT NULL,
  `fechaCese` date DEFAULT NULL,
  `tipoCese` varchar(100) DEFAULT NULL,
  PRIMARY KEY (`ID`),
  KEY `sensorId` (`sensorId`),
  CONSTRAINT `alarma_ibfk_1` FOREIGN KEY (`sensorId`) REFERENCES `sensor` (`ID`)
) ENGINE=InnoDB DEFAULT CHARSET=utf8mb4 COLLATE=utf8mb4_0900_ai_ci;
/*!40101 SET character_set_client = @saved_cs_client */;

--
-- Dumping data for table `alarma`
--

LOCK TABLES `alarma` WRITE;
/*!40000 ALTER TABLE `alarma` DISABLE KEYS */;
INSERT INTO `alarma` VALUES (2,3,45,NULL,NULL,1,'2020-12-12','2020-12-15',NULL,NULL),(7,20,NULL,NULL,NULL,1,'2020-12-01',NULL,NULL,NULL),(11,30,70,NULL,NULL,1,'2020-10-06','2020-11-03','2020-11-03','Manual'),(14,5,50,NULL,NULL,1,'2020-08-12','2020-12-08','2020-12-09','Automático');
/*!40000 ALTER TABLE `alarma` ENABLE KEYS */;
UNLOCK TABLES;

--
-- Table structure for table `capturaImagen`
--

DROP TABLE IF EXISTS `capturaImagen`;
/*!40101 SET @saved_cs_client     = @@character_set_client */;
/*!50503 SET character_set_client = utf8mb4 */;
CREATE TABLE `capturaImagen` (
  `ID` int NOT NULL,
  `imagen` bit(24) DEFAULT NULL,
  `tamanoX` int DEFAULT NULL,
  `tamanoY` int DEFAULT NULL,
  `resolucion` varchar(10) DEFAULT NULL,
  `fecha` date DEFAULT NULL,
  `parametroId` int NOT NULL,
  PRIMARY KEY (`ID`),
  KEY `parametroId` (`parametroId`),
  CONSTRAINT `capturaImagen_ibfk_1` FOREIGN KEY (`parametroId`) REFERENCES `parametro` (`ID`),
  CONSTRAINT `capturaImagen_ibfk_2` FOREIGN KEY (`parametroId`) REFERENCES `sensor` (`ID`)
) ENGINE=InnoDB DEFAULT CHARSET=utf8mb4 COLLATE=utf8mb4_0900_ai_ci;
/*!40101 SET character_set_client = @saved_cs_client */;

--
-- Dumping data for table `capturaImagen`
--

LOCK TABLES `capturaImagen` WRITE;
/*!40000 ALTER TABLE `capturaImagen` DISABLE KEYS */;
/*!40000 ALTER TABLE `capturaImagen` ENABLE KEYS */;
UNLOCK TABLES;

--
-- Table structure for table `capturaValor`
--

DROP TABLE IF EXISTS `capturaValor`;
/*!40101 SET @saved_cs_client     = @@character_set_client */;
/*!50503 SET character_set_client = utf8mb4 */;
CREATE TABLE `capturaValor` (
  `ID` int NOT NULL,
  `valor` int DEFAULT NULL,
  `sensorId` int NOT NULL,
  `fecha` date DEFAULT NULL,
  `parametroId` int NOT NULL,
  PRIMARY KEY (`ID`),
  KEY `sensorId` (`sensorId`),
  KEY `parametroId` (`parametroId`),
  CONSTRAINT `capturaValor_ibfk_1` FOREIGN KEY (`parametroId`) REFERENCES `parametro` (`ID`) ON DELETE RESTRICT ON UPDATE CASCADE,
  CONSTRAINT `capturaValor_ibfk_2` FOREIGN KEY (`sensorId`) REFERENCES `sensor` (`ID`) ON DELETE RESTRICT ON UPDATE CASCADE
) ENGINE=InnoDB DEFAULT CHARSET=utf8mb4 COLLATE=utf8mb4_0900_ai_ci;
/*!40101 SET character_set_client = @saved_cs_client */;

--
-- Dumping data for table `capturaValor`
--

LOCK TABLES `capturaValor` WRITE;
/*!40000 ALTER TABLE `capturaValor` DISABLE KEYS */;
INSERT INTO `capturaValor` VALUES (1,24,3,'2020-12-12',10),(6,5,5,'2020-12-02',11),(7,14,20,'2020-11-11',9),(17,86,30,'2020-08-12',8),(34,0,13,'2019-11-28',4),(45,7,4,'2019-07-31',6);
/*!40000 ALTER TABLE `capturaValor` ENABLE KEYS */;
UNLOCK TABLES;

--
-- Table structure for table `capturas`
--

DROP TABLE IF EXISTS `capturas`;
/*!40101 SET @saved_cs_client     = @@character_set_client */;
/*!50503 SET character_set_client = utf8mb4 */;
CREATE TABLE `capturas` (
  `fecha` datetime NOT NULL,
  `sensor` varchar(100) NOT NULL,
  `valor` int NOT NULL,
  `ID` int NOT NULL AUTO_INCREMENT,
  `parametroid` int NOT NULL,
  PRIMARY KEY (`ID`),
  KEY `parametroId` (`parametroid`)
) ENGINE=InnoDB AUTO_INCREMENT=2387 DEFAULT CHARSET=utf8mb4 COLLATE=utf8mb4_0900_ai_ci;
/*!40101 SET character_set_client = @saved_cs_client */;

--
-- Dumping data for table `capturas`
--

LOCK TABLES `capturas` WRITE;
/*!40000 ALTER TABLE `capturas` DISABLE KEYS */;
INSERT INTO `capturas` VALUES ('2020-10-06 18:37:35','temp',25,1,0),('2020-10-06 18:43:39','Temperatura',25,2,0),('2020-10-06 18:45:21','Temperatura',27,3,0),('2020-10-06 18:45:22','Humedad',33,4,0),('2020-10-06 18:45:23','Luz',119,5,0),('2020-10-06 18:45:24','Sonido',47,6,0),('2020-10-06 18:45:25','Movimiento',0,7,0),('2020-10-06 18:45:30','Temperatura',27,8,0),('2020-10-06 18:47:01','Temperatura',25,9,0),('2020-10-06 18:47:05','Humedad',33,10,0),('2020-10-06 18:47:07','Luz',104,11,0),('2020-10-06 18:47:10','Sonido',47,12,0),('2020-10-06 18:47:13','Movimiento',0,13,0),('2020-10-06 18:47:18','Temperatura',25,14,0),('2020-10-06 18:47:21','Humedad',32,15,0),('2020-10-06 18:47:24','Luz',104,16,0),('2020-10-06 18:47:27','Sonido',49,17,0),('2020-10-06 18:47:30','Movimiento',0,18,0),('2020-10-06 18:47:35','Temperatura',27,19,0),('2020-10-06 18:47:38','Humedad',33,20,0),('2020-10-06 18:47:41','Luz',104,21,0),('2020-10-06 18:47:44','Sonido',49,22,0),('2020-10-06 18:47:46','Movimiento',0,23,0),('2020-10-06 18:47:52','Temperatura',26,24,0),('2020-10-06 18:47:54','Humedad',33,25,0),('2020-10-06 18:47:57','Luz',111,26,0),('2020-10-06 18:48:00','Sonido',45,27,0),('2020-10-06 18:48:03','Movimiento',0,28,0),('2020-10-06 18:48:08','Temperatura',27,29,0),('2020-10-06 18:48:11','Humedad',33,30,0),('2020-10-06 18:48:14','Luz',110,31,0),('2020-10-06 18:48:17','Sonido',49,32,0),('2020-10-06 18:48:20','Movimiento',0,33,0),('2020-10-06 18:48:25','Temperatura',27,34,0),('2020-10-06 18:48:28','Humedad',33,35,0),('2020-10-06 18:48:31','Luz',115,36,0),('2020-10-06 18:48:33','Sonido',45,37,0),('2020-10-06 18:48:36','Movimiento',0,38,0),('2020-10-06 18:48:41','Temperatura',27,39,0),('2020-10-06 18:48:44','Humedad',33,40,0),('2020-10-06 18:48:47','Luz',87,41,0),('2020-10-06 18:48:50','Sonido',49,42,0),('2020-10-06 18:48:53','Movimiento',0,43,0),('2020-10-06 18:48:58','Temperatura',27,44,0),('2020-10-06 18:49:01','Humedad',33,45,0),('2020-10-06 18:49:04','Luz',99,46,0),('2020-10-06 18:49:07','Sonido',47,47,0),('2020-10-06 18:49:10','Movimiento',0,48,0),('2020-10-06 18:49:15','Temperatura',27,49,0),('2020-10-06 18:49:18','Humedad',33,50,0),('2020-10-06 18:49:20','Luz',99,51,0),('2020-10-06 18:49:23','Sonido',49,52,0),('2020-10-06 18:49:26','Movimiento',0,53,0),('2020-10-06 18:49:32','Temperatura',25,54,0),('2020-10-06 18:49:34','Humedad',33,55,0),('2020-10-06 18:49:37','Luz',107,56,0),('2020-10-06 18:49:40','Sonido',47,57,0),('2020-10-06 18:49:43','Movimiento',0,58,0),('2020-10-06 18:49:48','Temperatura',25,59,0),('2020-10-06 18:49:51','Humedad',32,60,0),('2020-10-06 18:49:54','Luz',110,61,0),('2020-10-06 18:49:57','Sonido',47,62,0),('2020-10-06 18:50:00','Movimiento',0,63,0),('2020-10-06 18:50:05','Temperatura',25,64,0),('2020-10-06 18:50:08','Humedad',33,65,0),('2020-10-06 18:50:11','Luz',116,66,0),('2020-10-06 18:50:14','Sonido',45,67,0),('2020-10-06 18:50:16','Movimiento',0,68,0),('2020-10-06 18:50:22','Temperatura',27,69,0),('2020-10-06 18:50:25','Humedad',33,70,0),('2020-10-06 18:50:27','Luz',87,71,0),('2020-10-06 18:50:30','Sonido',49,72,0),('2020-10-06 18:50:33','Movimiento',0,73,0),('2020-10-06 18:50:39','Temperatura',27,74,0),('2020-10-06 18:50:41','Humedad',33,75,0),('2020-10-06 18:50:44','Luz',99,76,0),('2020-10-06 18:50:48','Sonido',49,77,0),('2020-10-06 18:50:51','Movimiento',0,78,0),('2020-10-06 18:50:56','Temperatura',27,79,0),('2020-10-06 18:50:59','Humedad',33,80,0),('2020-10-06 18:51:03','Luz',100,81,0),('2020-10-06 18:51:05','Sonido',49,82,0),('2020-10-06 18:51:08','Movimiento',0,83,0),('2020-10-06 18:51:14','Temperatura',27,84,0),('2020-10-06 18:51:17','Humedad',33,85,0),('2020-10-06 18:51:19','Luz',108,86,0),('2020-10-06 18:51:22','Sonido',47,87,0),('2020-10-06 18:51:25','Movimiento',0,88,0),('2020-10-06 18:51:30','Temperatura',25,89,0),('2020-10-06 18:51:33','Humedad',32,90,0),('2020-10-06 18:51:36','Luz',111,91,0),('2020-10-06 18:51:39','Sonido',49,92,0),('2020-10-06 18:51:42','Movimiento',0,93,0),('2020-10-06 18:51:47','Temperatura',27,94,0),('2020-10-06 18:51:50','Humedad',33,95,0),('2020-10-06 18:51:53','Luz',116,96,0),('2020-10-06 18:51:56','Sonido',45,97,0),('2020-10-06 18:51:58','Movimiento',0,98,0),('2020-10-06 18:52:04','Temperatura',27,99,0),('2020-10-06 18:52:06','Humedad',33,100,0),('2020-10-06 18:52:09','Luz',87,101,0),('2020-10-06 18:52:13','Sonido',49,102,0),('2020-10-06 18:53:24','Temperatura',0,103,0),('2020-10-06 18:53:26','Humedad',33,104,0),('2020-10-06 18:53:33','Temperatura',27,105,0),('2020-10-06 18:53:35','Humedad',33,106,0),('2020-10-06 18:53:39','Luz',76,107,0),('2020-10-06 18:53:42','Sonido',52,108,0),('2020-10-06 18:53:45','Movimiento',0,109,0),('2020-10-06 18:53:50','Temperatura',27,110,0),('2020-10-06 18:53:53','Humedad',33,111,0),('2020-10-06 18:53:56','Luz',99,112,0),('2020-10-06 18:53:59','Sonido',51,113,0),('2020-10-06 18:54:02','Movimiento',0,114,0),('2020-10-06 18:54:07','Temperatura',25,115,0),('2020-10-06 18:54:10','Humedad',33,116,0),('2020-10-06 18:54:13','Luz',100,117,0),('2020-10-06 18:54:16','Sonido',51,118,0),('2020-10-06 18:54:18','Movimiento',0,119,0),('2020-10-06 18:54:24','Temperatura',25,120,0),('2020-10-06 18:54:26','Humedad',32,121,0),('2020-10-06 18:54:29','Luz',109,122,0),('2020-10-06 18:54:32','Sonido',51,123,0),('2020-10-06 18:54:35','Movimiento',0,124,0),('2020-10-06 18:54:40','Temperatura',25,125,0),('2020-10-06 18:54:43','Humedad',32,126,0),('2020-10-06 18:54:46','Luz',111,127,0),('2020-10-06 18:54:49','Sonido',51,128,0),('2020-10-06 18:54:52','Movimiento',0,129,0),('2020-10-06 18:54:57','Temperatura',25,130,0),('2020-10-06 18:55:00','Humedad',32,131,0),('2020-10-06 18:55:03','Luz',116,132,0),('2020-10-06 18:55:05','Sonido',49,133,0),('2020-10-06 18:55:08','Movimiento',0,134,0),('2020-10-06 18:55:13','Temperatura',27,135,0),('2020-10-06 18:55:16','Humedad',33,136,0),('2020-10-06 18:55:19','Luz',87,137,0),('2020-10-06 18:55:22','Sonido',51,138,0),('2020-10-06 18:55:25','Movimiento',0,139,0),('2020-10-06 18:55:30','Temperatura',27,140,0),('2020-10-06 18:55:33','Humedad',33,141,0),('2020-10-06 18:55:36','Luz',100,142,0),('2020-10-06 18:55:39','Sonido',51,143,0),('2020-10-06 18:55:42','Movimiento',0,144,0),('2020-10-06 18:55:47','Temperatura',27,145,0),('2020-10-06 18:55:50','Humedad',33,146,0),('2020-10-06 18:55:52','Luz',99,147,0),('2020-10-06 18:55:55','Sonido',51,148,0),('2020-10-06 18:55:58','Movimiento',0,149,0),('2020-10-06 18:56:04','Temperatura',27,150,0),('2020-10-06 18:56:06','Humedad',33,151,0),('2020-10-06 18:56:09','Luz',108,152,0),('2020-10-06 18:56:12','Sonido',51,153,0),('2020-10-06 18:56:15','Movimiento',0,154,0),('2020-10-06 18:56:20','Temperatura',25,155,0),('2020-10-06 18:56:23','Humedad',32,156,0),('2020-10-06 18:56:26','Luz',110,157,0),('2020-10-06 18:56:29','Sonido',49,158,0),('2020-10-06 18:56:31','Movimiento',0,159,0),('2020-10-06 18:56:37','Temperatura',27,160,0),('2020-10-06 18:56:39','Humedad',33,161,0),('2020-10-06 18:56:42','Luz',116,162,0),('2020-10-06 18:56:45','Sonido',49,163,0),('2020-10-06 18:56:48','Movimiento',0,164,0),('2020-10-06 18:56:53','Temperatura',27,165,0),('2020-10-06 18:56:56','Humedad',33,166,0),('2020-10-06 18:56:59','Luz',87,167,0),('2020-10-06 18:57:02','Sonido',51,168,0),('2020-10-06 18:57:04','Movimiento',0,169,0),('2020-10-06 18:57:10','Temperatura',27,170,0),('2020-10-06 18:57:13','Humedad',33,171,0),('2020-10-06 18:57:15','Luz',99,172,0),('2020-10-06 18:57:18','Sonido',51,173,0),('2020-10-06 18:57:21','Movimiento',0,174,0),('2020-10-06 18:57:26','Temperatura',27,175,0),('2020-10-06 18:57:29','Humedad',32,176,0),('2020-10-06 18:57:32','Luz',99,177,0),('2020-10-06 18:57:35','Sonido',51,178,0),('2020-10-06 18:57:37','Movimiento',0,179,0),('2020-10-06 18:57:43','Temperatura',25,180,0),('2020-10-06 18:57:46','Humedad',33,181,0),('2020-10-06 18:57:48','Luz',108,182,0),('2020-10-06 18:57:51','Sonido',51,183,0),('2020-10-06 18:57:54','Movimiento',0,184,0),('2020-10-06 18:57:59','Temperatura',25,185,0),('2020-10-06 18:58:02','Humedad',33,186,0),('2020-10-06 18:58:05','Luz',111,187,0),('2020-10-06 18:58:08','Sonido',49,188,0),('2020-10-06 18:58:10','Movimiento',0,189,0),('2020-10-06 18:58:16','Temperatura',25,190,0),('2020-10-06 18:58:19','Humedad',32,191,0),('2020-10-06 18:58:21','Luz',116,192,0),('2020-10-06 18:58:24','Sonido',49,193,0),('2020-10-06 18:58:27','Movimiento',0,194,0),('2020-10-06 18:58:33','Temperatura',27,195,0),('2020-10-06 18:58:35','Humedad',33,196,0),('2020-10-06 18:58:38','Luz',87,197,0),('2020-10-06 18:58:41','Sonido',51,198,0),('2020-10-06 18:58:44','Movimiento',0,199,0),('2020-10-06 18:58:49','Temperatura',26,200,0),('2020-10-06 18:58:52','Humedad',33,201,0),('2020-10-06 18:58:55','Luz',99,202,0),('2020-10-06 18:58:59','Temperatura',27,203,0),('2020-10-06 18:59:10','Humedad',33,204,0),('2020-10-06 18:59:21','Luz',99,205,0),('2020-10-06 18:59:32','Sonido',51,206,0),('2020-10-06 18:59:43','Movimiento',0,207,0),('2020-10-06 18:59:56','Temperatura',27,208,0),('2020-10-06 19:00:07','Humedad',33,209,0),('2020-10-06 19:00:18','Luz',99,210,0),('2020-10-06 19:00:29','Sonido',49,211,0),('2020-10-06 19:00:40','Movimiento',0,212,0),('2020-10-06 19:00:54','Temperatura',25,213,0),('2020-10-06 19:01:05','Humedad',33,214,0),('2020-10-06 19:01:15','Luz',49,215,0),('2020-10-06 19:01:26','Sonido',51,216,0),('2020-10-06 19:01:37','Movimiento',0,217,0),('2020-10-06 19:01:51','Temperatura',27,218,0),('2020-10-06 19:02:02','Humedad',32,219,0),('2020-10-06 19:02:12','Luz',66,220,0),('2020-10-06 19:02:23','Sonido',49,221,0),('2020-10-06 19:02:34','Movimiento',0,222,0),('2020-10-06 19:02:48','Temperatura',27,223,0),('2020-10-06 19:02:59','Humedad',33,224,0),('2020-10-06 19:03:10','Luz',71,225,0),('2020-10-06 19:03:20','Sonido',49,226,0),('2020-10-06 19:03:31','Movimiento',0,227,0),('2020-10-06 19:03:44','Temperatura',27,228,0),('2020-10-06 19:03:55','Humedad',34,229,0),('2020-10-06 19:04:06','Luz',80,230,0),('2020-10-06 19:04:17','Sonido',49,231,0),('2020-10-06 19:04:28','Movimiento',0,232,0),('2020-10-06 19:04:41','Temperatura',26,233,0),('2020-10-06 19:04:52','Humedad',34,234,0),('2020-10-06 19:05:03','Luz',15,235,0),('2020-10-06 19:05:14','Sonido',52,236,0),('2020-10-06 19:05:25','Movimiento',0,237,0),('2020-10-06 19:05:38','Temperatura',25,238,0),('2020-10-06 19:05:49','Humedad',34,239,0),('2020-10-06 19:06:00','Luz',45,240,0),('2020-10-06 19:06:11','Sonido',51,241,0),('2020-10-06 19:06:21','Movimiento',0,242,0),('2020-10-06 19:06:35','Temperatura',26,243,0),('2020-10-06 19:06:45','Humedad',33,244,0),('2020-10-06 19:06:56','Luz',49,245,0),('2020-10-06 19:07:07','Sonido',51,246,0),('2020-10-06 19:07:18','Movimiento',0,247,0),('2020-10-06 19:07:31','Temperatura',26,248,0),('2020-10-06 19:07:42','Humedad',34,249,0),('2020-10-06 19:07:53','Luz',66,250,0),('2020-10-06 19:08:04','Sonido',51,251,0),('2020-10-06 19:08:14','Movimiento',0,252,0),('2020-10-06 19:08:28','Temperatura',26,253,0),('2020-10-06 19:08:39','Humedad',34,254,0),('2020-10-06 19:08:49','Luz',71,255,0),('2020-10-06 19:09:00','Sonido',51,256,0),('2020-10-06 19:09:11','Movimiento',0,257,0),('2020-10-06 19:09:24','Temperatura',26,258,0),('2020-10-06 19:09:35','Humedad',34,259,0),('2020-10-06 19:09:46','Luz',80,260,0),('2020-10-06 19:09:57','Sonido',49,261,0),('2020-10-06 19:10:08','Movimiento',0,262,0),('2020-10-06 19:10:21','Temperatura',26,263,0),('2020-10-06 19:10:32','Humedad',34,264,0),('2020-10-06 19:10:42','Luz',16,265,0),('2020-10-06 19:10:53','Sonido',51,266,0),('2020-10-06 19:11:04','Movimiento',0,267,0),('2020-10-06 19:11:17','Temperatura',27,268,0),('2020-10-06 19:11:28','Humedad',33,269,0),('2020-10-06 19:11:39','Luz',45,270,0),('2020-10-06 19:11:50','Sonido',51,271,0),('2020-10-06 19:12:01','Movimiento',0,272,0),('2020-10-06 19:12:14','Temperatura',26,273,0),('2020-10-06 19:12:25','Humedad',34,274,0),('2020-10-06 19:12:36','Luz',49,275,0),('2020-10-06 19:12:46','Sonido',51,276,0),('2020-10-06 19:12:57','Movimiento',0,277,0),('2020-10-06 19:13:10','Temperatura',26,278,0),('2020-10-06 19:13:21','Humedad',34,279,0),('2020-10-06 19:13:32','Luz',67,280,0),('2020-10-06 19:13:43','Sonido',51,281,0),('2020-10-06 19:13:54','Movimiento',0,282,0),('2020-10-06 19:14:07','Temperatura',26,283,0),('2020-10-06 19:14:18','Humedad',32,284,0),('2020-10-06 19:14:29','Luz',71,285,0),('2020-10-06 19:14:39','Sonido',51,286,0),('2020-10-06 19:14:50','Movimiento',0,287,0),('2020-10-06 19:15:04','Temperatura',26,288,0),('2020-10-06 19:15:14','Humedad',34,289,0),('2020-10-06 19:15:25','Luz',80,290,0),('2020-10-06 19:15:36','Sonido',49,291,0),('2020-10-06 19:15:47','Movimiento',0,292,0),('2020-10-06 19:16:00','Temperatura',26,293,0),('2020-10-06 19:16:11','Humedad',34,294,0),('2020-10-06 19:16:22','Luz',16,295,0),('2020-10-06 19:16:33','Sonido',51,296,0),('2020-10-06 19:16:43','Movimiento',0,297,0),('2020-10-06 19:16:57','Temperatura',26,298,0),('2020-10-06 19:17:07','Humedad',34,299,0),('2020-10-06 19:17:18','Luz',45,300,0),('2020-10-06 19:17:29','Sonido',51,301,0),('2020-10-06 19:17:41','Movimiento',0,302,0),('2020-10-06 19:17:54','Temperatura',26,303,0),('2020-10-06 19:18:05','Humedad',34,304,0),('2020-10-06 19:18:16','Luz',49,305,0),('2020-10-06 19:18:26','Sonido',51,306,0),('2020-10-06 19:18:38','Movimiento',0,307,0),('2020-10-06 19:18:51','Temperatura',26,308,0),('2020-10-06 19:19:02','Humedad',34,309,0),('2020-10-06 19:19:13','Luz',67,310,0),('2020-10-06 19:19:25','Sonido',51,311,0),('2020-10-06 19:19:36','Movimiento',0,312,0),('2020-10-06 19:19:49','Temperatura',25,313,0),('2020-10-06 19:20:00','Humedad',34,314,0),('2020-10-06 19:20:11','Luz',71,315,0),('2020-10-06 19:20:22','Sonido',51,316,0),('2020-10-06 19:20:32','Movimiento',0,317,0),('2020-10-06 19:20:46','Temperatura',26,318,0),('2020-10-06 19:20:57','Humedad',34,319,0),('2020-10-06 19:21:08','Luz',81,320,0),('2020-10-06 19:21:19','Sonido',49,321,0),('2020-10-06 19:21:29','Movimiento',0,322,0),('2020-10-06 19:21:43','Temperatura',26,323,0),('2020-10-06 19:21:53','Humedad',34,324,0),('2020-10-06 19:22:04','Luz',16,325,0),('2020-10-06 19:22:15','Sonido',52,326,0),('2020-10-06 19:22:26','Movimiento',0,327,0),('2020-10-06 19:22:40','Temperatura',26,328,0),('2020-10-06 19:22:50','Humedad',34,329,0),('2020-10-06 19:23:02','Luz',46,330,0),('2020-10-06 19:23:13','Sonido',51,331,0),('2020-10-06 19:23:23','Movimiento',0,332,0),('2020-10-06 19:23:37','Temperatura',26,333,0),('2020-10-06 19:23:48','Humedad',34,334,0),('2020-10-06 19:23:59','Luz',50,335,0),('2020-10-06 19:24:10','Sonido',52,336,0),('2020-10-06 19:24:21','Movimiento',0,337,0),('2020-10-06 19:24:34','Temperatura',26,338,0),('2020-10-06 19:24:45','Humedad',34,339,0),('2020-10-06 19:24:56','Luz',67,340,0),('2020-10-06 19:25:07','Sonido',51,341,0),('2020-10-06 19:25:17','Movimiento',0,342,0),('2020-10-06 19:25:31','Temperatura',26,343,0),('2020-10-06 19:25:42','Humedad',33,344,0),('2020-10-06 19:25:53','Luz',71,345,0),('2020-10-06 19:26:04','Sonido',51,346,0),('2020-10-06 19:26:14','Movimiento',0,347,0),('2020-10-06 19:26:28','Temperatura',26,348,0),('2020-10-06 19:26:39','Humedad',34,349,0),('2020-10-06 19:26:49','Luz',81,350,0),('2020-10-06 19:27:00','Sonido',45,351,0),('2020-10-06 19:27:12','Movimiento',0,352,0),('2020-10-06 19:27:25','Temperatura',26,353,0),('2020-10-06 19:27:36','Humedad',34,354,0),('2020-10-06 19:27:47','Luz',16,355,0),('2020-10-06 19:27:58','Sonido',52,356,0),('2020-10-06 19:28:09','Movimiento',0,357,0),('2020-10-06 19:28:22','Temperatura',25,358,0),('2020-10-06 19:28:33','Humedad',34,359,0),('2020-10-06 19:28:44','Luz',45,360,0),('2020-10-06 19:28:55','Sonido',51,361,0),('2020-10-06 19:29:06','Movimiento',0,362,0),('2020-10-06 19:29:19','Temperatura',26,363,0),('2020-10-06 19:29:30','Humedad',34,364,0),('2020-10-06 19:29:41','Luz',49,365,0),('2020-10-06 19:29:52','Sonido',52,366,0),('2020-10-06 19:30:03','Movimiento',0,367,0),('2020-10-06 19:30:16','Temperatura',25,368,0),('2020-10-06 19:30:27','Humedad',34,369,0),('2020-10-06 19:30:38','Luz',67,370,0),('2020-10-06 19:30:48','Sonido',51,371,0),('2020-10-06 19:30:59','Movimiento',0,372,0),('2020-10-06 19:31:12','Temperatura',26,373,0),('2020-10-06 19:31:24','Humedad',33,374,0),('2020-10-06 19:31:34','Luz',71,375,0),('2020-10-06 19:31:45','Sonido',51,376,0),('2020-10-06 19:31:56','Movimiento',0,377,0),('2020-10-06 19:32:10','Temperatura',26,378,0),('2020-10-06 19:32:20','Humedad',34,379,0),('2020-10-06 19:32:32','Luz',81,380,0),('2020-10-06 19:32:43','Sonido',49,381,0),('2020-10-06 19:32:53','Movimiento',0,382,0),('2020-10-06 19:33:07','Temperatura',26,383,0),('2020-10-06 19:33:17','Humedad',34,384,0),('2020-10-06 19:33:28','Luz',16,385,0),('2020-10-06 19:33:39','Sonido',52,386,0),('2020-10-06 19:33:50','Movimiento',0,387,0),('2020-10-06 19:34:04','Temperatura',26,388,0),('2020-10-06 19:34:14','Humedad',34,389,0),('2020-10-06 19:34:26','Luz',46,390,0),('2020-10-06 19:34:36','Sonido',51,391,0),('2020-10-06 19:34:47','Movimiento',0,392,0),('2020-10-06 19:35:00','Temperatura',26,393,0),('2020-10-06 19:35:11','Humedad',34,394,0),('2020-10-06 19:35:22','Luz',49,395,0),('2020-10-06 19:35:33','Sonido',52,396,0),('2020-10-06 19:35:44','Movimiento',0,397,0),('2020-10-06 19:35:57','Temperatura',26,398,0),('2020-10-06 19:36:08','Humedad',34,399,0),('2020-10-06 19:36:19','Luz',66,400,0),('2020-10-06 19:36:30','Sonido',51,401,0),('2020-10-06 19:36:41','Movimiento',0,402,0),('2020-10-06 19:36:54','Temperatura',26,403,0),('2020-10-06 19:37:05','Humedad',34,404,0),('2020-10-06 19:37:16','Luz',71,405,0),('2020-10-06 19:37:27','Sonido',52,406,0),('2020-10-06 19:37:38','Movimiento',0,407,0),('2020-10-06 19:37:51','Temperatura',26,408,0),('2020-10-06 19:38:02','Humedad',34,409,0),('2020-10-06 19:38:13','Luz',120,410,0),('2020-10-06 19:38:24','Sonido',51,411,0),('2020-10-06 19:38:35','Movimiento',0,412,0),('2020-10-06 19:38:48','Temperatura',26,413,0),('2020-10-06 19:38:59','Humedad',34,414,0),('2020-10-06 19:39:10','Luz',16,415,0),('2020-10-06 19:39:21','Sonido',52,416,0),('2020-10-06 19:39:32','Movimiento',0,417,0),('2020-10-06 19:39:45','Temperatura',26,418,0),('2020-10-06 19:39:56','Humedad',34,419,0),('2020-10-06 19:40:07','Luz',45,420,0),('2020-10-06 19:40:18','Sonido',51,421,0),('2020-10-06 19:40:29','Movimiento',0,422,0),('2020-10-06 19:40:42','Temperatura',26,423,0),('2020-10-06 19:40:53','Humedad',34,424,0),('2020-10-06 19:41:04','Luz',49,425,0),('2020-10-06 19:41:15','Sonido',52,426,0),('2020-10-06 19:41:25','Movimiento',0,427,0),('2020-10-06 19:41:39','Temperatura',26,428,0),('2020-10-06 19:41:50','Humedad',34,429,0),('2020-10-06 19:42:01','Luz',67,430,0),('2020-10-06 19:42:12','Sonido',51,431,0),('2020-10-06 19:42:23','Movimiento',0,432,0),('2020-10-06 19:42:36','Temperatura',26,433,0),('2020-10-06 19:42:47','Humedad',33,434,0),('2020-10-06 19:42:58','Luz',71,435,0),('2020-10-06 19:43:09','Sonido',51,436,0),('2020-10-06 19:43:20','Movimiento',0,437,0),('2020-10-06 19:43:33','Temperatura',25,438,0),('2020-10-06 19:43:44','Humedad',32,439,0),('2020-10-06 19:43:55','Luz',81,440,0),('2020-10-06 19:44:06','Sonido',49,441,0),('2020-10-06 19:44:16','Movimiento',0,442,0),('2020-10-06 19:44:30','Temperatura',26,443,0),('2020-10-06 19:44:41','Humedad',34,444,0),('2020-10-06 19:44:51','Luz',16,445,0),('2020-10-06 19:45:02','Sonido',51,446,0),('2020-10-06 19:45:13','Movimiento',0,447,0),('2020-10-06 19:45:26','Temperatura',26,448,0),('2020-10-06 19:45:37','Humedad',34,449,0),('2020-10-06 19:45:48','Luz',45,450,0),('2020-10-06 19:45:59','Sonido',51,451,0),('2020-10-06 19:46:10','Movimiento',0,452,0),('2020-10-06 19:46:23','Temperatura',26,453,0),('2020-10-06 19:46:34','Humedad',34,454,0),('2020-10-06 19:46:44','Luz',50,455,0),('2020-10-06 19:46:55','Sonido',52,456,0),('2020-10-06 19:47:06','Movimiento',0,457,0),('2020-10-06 21:17:30','Temperatura',45,458,0),('2020-10-06 21:17:41','Humedad',32,459,0),('2020-10-06 21:17:52','Luz',91,460,0),('2020-10-06 21:18:04','Sonido',52,461,0),('2020-10-06 21:18:14','Movimiento',0,462,0),('2020-10-06 21:18:28','Temperatura',26,463,0),('2020-10-06 21:18:39','Humedad',34,464,0),('2020-10-06 21:18:50','Luz',100,465,0),('2020-10-06 21:19:00','Sonido',51,466,0),('2020-10-06 21:19:11','Movimiento',0,467,0),('2020-10-06 21:19:25','Temperatura',26,468,0),('2020-10-06 21:19:36','Humedad',34,469,0),('2020-10-06 22:26:50','Temperatura',8,470,0),('2020-10-06 22:27:01','Humedad',34,471,0),('2020-10-06 22:27:12','Luz',88,472,0),('2020-10-06 22:27:23','Sonido',54,473,0),('2020-10-06 22:27:34','Movimiento',0,474,0),('2020-10-06 22:27:47','Temperatura',25,475,0),('2020-10-06 22:27:58','Humedad',34,476,0),('2020-10-06 22:28:09','Luz',104,477,0),('2020-10-06 22:28:20','Sonido',52,478,0),('2020-10-06 22:28:30','Movimiento',0,479,0),('2020-10-06 22:28:44','Temperatura',24,480,0),('2020-10-06 22:28:55','Humedad',34,481,0),('2020-10-06 22:29:06','Luz',104,482,0),('2020-10-06 22:29:16','Sonido',52,483,0),('2020-10-06 22:29:28','Movimiento',0,484,0),('2020-10-06 22:29:41','Temperatura',26,485,0),('2020-10-06 22:29:52','Humedad',34,486,0),('2020-10-06 22:30:02','Luz',111,487,0),('2020-10-06 22:30:13','Sonido',52,488,0),('2020-10-06 22:30:24','Movimiento',0,489,0),('2020-10-06 22:30:37','Temperatura',26,490,0),('2020-10-06 22:30:48','Humedad',34,491,0),('2020-10-06 22:41:00','Temperatura',25,492,0),('2020-10-06 22:41:11','Humedad',34,493,0),('2020-10-06 22:41:22','Luz',112,494,0),('2020-10-06 22:41:33','Sonido',52,495,0),('2020-10-06 22:41:44','Movimiento',0,496,0),('2020-10-06 22:41:57','Temperatura',26,497,0),('2020-10-06 22:42:08','Humedad',34,498,0),('2020-10-06 22:42:20','Luz',101,499,0),('2020-10-06 22:42:30','Sonido',52,500,0),('2020-10-06 22:42:41','Movimiento',0,501,0),('2020-10-06 22:42:54','Temperatura',26,502,0),('2020-10-06 22:43:05','Humedad',34,503,0),('2020-10-06 22:43:16','Luz',100,504,0),('2020-10-06 22:43:27','Sonido',52,505,0),('2020-10-06 22:43:38','Movimiento',0,506,0),('2020-10-06 22:43:51','Temperatura',26,507,0),('2020-10-06 22:44:02','Humedad',34,508,0),('2020-10-06 22:44:13','Luz',109,509,0),('2020-10-06 22:44:24','Sonido',52,510,0),('2020-10-06 22:44:35','Movimiento',0,511,0),('2020-10-06 22:44:48','Temperatura',26,512,0),('2020-10-06 22:44:59','Humedad',33,513,0),('2020-10-06 22:45:10','Luz',112,514,0),('2020-10-06 22:45:21','Sonido',51,515,0),('2020-10-06 22:45:32','Movimiento',0,516,0),('2020-10-06 22:45:45','Temperatura',26,517,0),('2020-10-06 22:45:56','Humedad',34,518,0),('2020-10-06 22:46:07','Luz',116,519,0),('2020-10-06 22:46:18','Sonido',51,520,0),('2020-10-06 22:46:29','Movimiento',0,521,0),('2020-10-06 22:46:42','Temperatura',26,522,0),('2020-10-06 22:46:53','Humedad',34,523,0),('2020-10-06 22:47:30','Temperatura',26,524,0),('2020-10-06 22:47:41','Humedad',34,525,0),('2020-10-06 22:47:52','Luz',88,526,0),('2020-10-06 22:48:03','Sonido',52,527,0),('2020-10-06 22:48:14','Movimiento',1,528,0),('2020-10-06 22:48:25','Temperatura',26,529,0),('2020-10-06 22:48:36','Humedad',34,530,0),('2020-10-06 22:48:47','Luz',88,531,0),('2020-10-06 22:48:58','Sonido',52,532,0),('2020-10-06 22:49:09','Movimiento',0,533,0),('2020-10-06 22:49:20','Temperatura',26,534,0),('2020-10-06 22:49:31','Humedad',34,535,0),('2020-10-06 22:49:42','Luz',88,536,0),('2020-10-06 22:49:53','Sonido',52,537,0),('2020-10-06 22:50:03','Movimiento',0,538,0),('2020-10-06 22:50:14','Temperatura',26,539,0),('2020-10-06 22:50:25','Humedad',34,540,0),('2020-10-06 22:50:36','Luz',89,541,0),('2020-10-06 22:50:47','Sonido',52,542,0),('2020-10-06 22:50:58','Movimiento',0,543,0),('2020-10-06 22:51:09','Temperatura',26,544,0),('2020-10-06 22:51:19','Humedad',34,545,0),('2020-10-06 22:51:31','Luz',88,546,0),('2020-10-06 22:51:42','Sonido',52,547,0),('2020-10-06 22:51:53','Movimiento',0,548,0),('2020-10-06 22:52:04','Temperatura',26,549,0),('2020-10-06 22:52:15','Humedad',34,550,0),('2020-10-06 22:52:26','Luz',89,551,0),('2020-10-06 22:52:36','Sonido',52,552,0),('2020-10-06 22:52:47','Movimiento',0,553,0),('2020-10-06 22:52:58','Temperatura',26,554,0),('2020-10-06 22:53:09','Humedad',34,555,0),('2020-10-06 22:53:20','Luz',89,556,0),('2020-10-06 22:53:30','Sonido',52,557,0),('2020-10-06 22:53:41','Movimiento',0,558,0),('2020-10-06 22:53:52','Temperatura',26,559,0),('2020-10-06 22:54:03','Humedad',34,560,0),('2020-10-06 22:54:14','Luz',89,561,0),('2020-10-06 22:54:25','Sonido',52,562,0),('2020-10-06 22:54:35','Movimiento',0,563,0),('2020-10-06 22:54:46','Temperatura',26,564,0),('2020-10-06 22:54:57','Humedad',34,565,0),('2020-10-06 22:55:08','Luz',89,566,0),('2020-10-06 22:55:19','Sonido',52,567,0),('2020-10-06 22:55:30','Movimiento',0,568,0),('2020-10-06 22:55:40','Temperatura',26,569,0),('2020-10-06 22:55:51','Humedad',34,570,0),('2020-10-06 22:56:02','Luz',88,571,0),('2020-10-06 22:56:13','Sonido',52,572,0),('2020-10-06 22:56:24','Movimiento',0,573,0),('2020-10-06 22:56:34','Temperatura',26,574,0),('2020-10-06 22:56:45','Humedad',34,575,0),('2020-10-06 22:56:56','Luz',88,576,0),('2020-10-06 22:57:07','Sonido',52,577,0),('2020-10-06 22:59:37','Temperatura',26,578,0),('2020-10-06 22:59:48','Humedad',34,579,0),('2020-10-06 22:59:59','Luz',78,580,0),('2020-10-06 23:00:10','Sonido',54,581,0),('2020-10-06 23:00:20','Movimiento',0,582,0),('2020-10-06 23:00:31','Temperatura',26,583,0),('2020-10-06 23:00:42','Humedad',34,584,0),('2020-10-06 23:00:53','Luz',78,585,0),('2020-10-06 23:01:04','Sonido',54,586,0),('2020-10-06 23:01:14','Movimiento',0,587,0),('2020-10-06 23:01:25','Temperatura',26,588,0),('2020-10-06 23:01:36','Humedad',34,589,0),('2020-10-06 23:01:47','Luz',78,590,0),('2020-10-06 23:01:58','Sonido',54,591,0),('2020-10-06 23:02:09','Movimiento',0,592,0),('2020-10-06 23:02:19','Temperatura',26,593,0),('2020-10-06 23:02:30','Humedad',34,594,0),('2020-10-06 23:02:41','Luz',78,595,0),('2020-10-06 23:02:52','Sonido',54,596,0),('2020-10-06 23:03:03','Movimiento',0,597,0),('2020-10-06 23:03:14','Temperatura',26,598,0),('2020-10-06 23:03:24','Humedad',34,599,0),('2020-10-06 23:03:35','Luz',77,600,0),('2020-10-06 23:03:46','Sonido',54,601,0),('2020-10-06 23:03:57','Movimiento',0,602,0),('2020-10-06 23:04:08','Temperatura',26,603,0),('2020-10-06 23:04:19','Humedad',34,604,0),('2020-10-06 23:04:29','Luz',77,605,0),('2020-10-06 23:04:41','Sonido',56,606,0),('2020-10-06 23:04:51','Movimiento',0,607,0),('2020-10-06 23:05:02','Temperatura',26,608,0),('2020-10-06 23:05:13','Humedad',34,609,0),('2020-10-06 23:05:24','Luz',77,610,0),('2020-10-06 23:05:35','Sonido',54,611,0),('2020-10-06 23:05:46','Movimiento',0,612,0),('2020-10-06 23:05:57','Temperatura',26,613,0),('2020-10-06 23:06:08','Humedad',34,614,0),('2020-10-06 23:06:18','Luz',77,615,0),('2020-10-06 23:06:30','Sonido',54,616,0),('2020-10-06 23:06:40','Movimiento',0,617,0),('2020-10-06 23:06:51','Temperatura',26,618,0),('2020-10-06 23:07:02','Humedad',34,619,0),('2020-10-06 23:07:13','Luz',77,620,0),('2020-10-06 23:07:24','Sonido',54,621,0),('2020-10-06 23:07:35','Movimiento',0,622,0),('2020-10-06 23:07:46','Temperatura',26,623,0),('2020-10-06 23:09:02','Temperatura',34,624,0),('2020-10-06 23:09:13','Humedad',34,625,0),('2020-10-06 23:09:24','Luz',77,626,0),('2020-10-06 23:09:35','Sonido',52,627,0),('2020-10-06 23:09:57','Temperatura',26,628,0),('2020-10-06 23:10:08','Humedad',34,629,0),('2020-10-06 23:10:29','Sonido',54,630,0),('2020-10-06 23:11:02','Humedad',34,631,0),('2020-10-06 23:11:56','Humedad',34,632,0),('2020-10-06 23:12:50','Humedad',34,633,0),('2020-10-06 23:12:56','Temperatura',26,634,0),('2020-10-06 23:12:56','Humedad',34,635,0),('2020-10-06 23:12:57','Luz',77,636,0),('2020-10-06 23:12:58','Sonido',54,637,0),('2020-10-06 23:13:00','Humedad',34,638,0),('2020-10-06 23:13:03','Humedad',34,639,0),('2020-10-06 23:13:06','Humedad',34,640,0),('2020-10-06 23:13:10','Humedad',34,641,0),('2020-10-06 23:13:13','Humedad',34,642,0),('2020-10-06 23:13:17','Humedad',34,643,0),('2020-10-06 23:13:20','Humedad',34,644,0),('2020-10-06 23:13:23','Movimiento',1,645,0),('2020-10-06 23:13:24','Humedad',34,646,0),('2020-10-06 23:13:28','Humedad',34,647,0),('2020-10-06 23:13:30','Movimiento',0,648,0),('2020-10-06 23:13:31','Humedad',34,649,0),('2020-10-06 23:13:34','Humedad',34,650,0),('2020-10-06 23:13:38','Humedad',34,651,0),('2020-10-06 23:13:41','Humedad',34,652,0),('2020-10-06 23:13:45','Humedad',34,653,0),('2020-10-06 23:13:48','Humedad',34,654,0),('2020-10-06 23:13:51','Humedad',34,655,0),('2020-10-06 23:13:55','Humedad',34,656,0),('2020-10-06 23:13:58','Humedad',34,657,0),('2020-10-06 23:14:03','Humedad',34,658,0),('2020-10-06 23:14:06','Humedad',34,659,0),('2020-10-06 23:14:09','Humedad',34,660,0),('2020-10-06 23:14:13','Humedad',34,661,0),('2020-10-06 23:14:15','Movimiento',1,662,0),('2020-10-06 23:14:16','Humedad',34,663,0),('2020-10-06 23:14:20','Humedad',34,664,0),('2020-10-06 23:14:22','Movimiento',0,665,0),('2020-10-06 23:14:23','Humedad',34,666,0),('2020-10-06 23:14:24','Luz',9,667,0),('2020-10-06 23:14:27','Humedad',34,668,0),('2020-10-06 23:14:27','Luz',61,669,0),('2020-10-06 23:14:30','Humedad',34,670,0),('2020-10-06 23:14:31','Luz',77,671,0),('2020-10-06 23:14:33','Humedad',34,672,0),('2020-10-06 23:14:37','Humedad',34,673,0),('2020-10-06 23:14:40','Humedad',34,674,0),('2020-10-06 23:14:44','Humedad',34,675,0),('2020-10-06 23:14:47','Humedad',34,676,0),('2020-10-06 23:14:49','Sonido',78,677,0),('2020-10-06 23:14:51','Humedad',34,678,0),('2020-10-06 23:14:51','Luz',78,679,0),('2020-10-06 23:14:52','Sonido',54,680,0),('2020-10-06 23:14:54','Humedad',34,681,0),('2020-10-06 23:14:57','Humedad',34,682,0),('2020-10-06 23:15:01','Humedad',34,683,0),('2020-10-06 23:15:04','Humedad',34,684,0),('2020-10-06 23:15:08','Humedad',34,685,0),('2020-10-06 23:15:11','Humedad',34,686,0),('2020-10-06 23:15:12','Luz',77,687,0),('2020-10-06 23:15:14','Temperatura',25,688,0),('2020-10-06 23:15:15','Humedad',33,689,0),('2020-10-06 23:15:15','Luz',78,690,0),('2020-10-06 23:15:17','Temperatura',26,691,0),('2020-10-06 23:15:18','Humedad',34,692,0),('2020-10-06 23:15:21','Humedad',34,693,0),('2020-10-06 23:15:25','Humedad',34,694,0),('2020-10-06 23:15:28','Humedad',34,695,0),('2020-10-06 23:15:32','Humedad',34,696,0),('2020-10-06 23:15:35','Humedad',34,697,0),('2020-10-06 23:15:39','Humedad',34,698,0),('2020-10-06 23:15:42','Humedad',34,699,0),('2020-10-06 23:15:46','Humedad',34,700,0),('2020-10-06 23:15:49','Humedad',34,701,0),('2020-10-06 23:15:53','Humedad',34,702,0),('2020-10-06 23:15:56','Humedad',34,703,0),('2020-10-06 23:15:59','Humedad',34,704,0),('2020-10-06 23:16:03','Humedad',34,705,0),('2020-10-06 23:16:06','Humedad',34,706,0),('2020-10-06 23:16:10','Humedad',34,707,0),('2020-10-06 23:16:13','Humedad',34,708,0),('2020-10-06 23:16:17','Humedad',34,709,0),('2020-10-06 23:16:20','Humedad',34,710,0),('2020-10-06 23:16:24','Humedad',34,711,0),('2020-10-06 23:16:27','Humedad',34,712,0),('2020-10-06 23:16:31','Humedad',34,713,0),('2020-10-06 23:16:34','Humedad',34,714,0),('2020-10-06 23:16:37','Humedad',34,715,0),('2020-10-06 23:16:41','Humedad',34,716,0),('2020-10-06 23:16:45','Temperatura',26,717,0),('2020-10-06 23:16:45','Humedad',34,718,0),('2020-10-06 23:16:46','Luz',78,719,0),('2020-10-06 23:16:47','Sonido',54,720,0),('2020-10-06 23:16:54','Sonido',109,721,0),('2020-10-06 23:16:57','Sonido',54,722,0),('2020-10-06 23:17:08','Sonido',49,723,0),('2020-10-06 23:17:12','Sonido',54,724,0),('2020-10-06 23:17:19','Sonido',49,725,0),('2020-10-06 23:17:23','Sonido',54,726,0),('2020-10-06 23:17:23','Movimiento',1,727,0),('2020-10-06 23:17:25','Luz',77,728,0),('2020-10-06 23:17:28','Luz',78,729,0),('2020-10-06 23:17:30','Sonido',49,730,0),('2020-10-06 23:17:31','Movimiento',0,731,0),('2020-10-06 23:17:34','Sonido',54,732,0),('2020-10-06 23:17:41','Sonido',49,733,0),('2020-10-06 23:17:43','Luz',15,734,0),('2020-10-06 23:17:45','Sonido',54,735,0),('2020-10-06 23:17:47','Luz',77,736,0),('2020-10-06 23:17:50','Luz',78,737,0),('2020-10-06 23:18:41','Temperatura',26,738,0),('2020-10-06 23:18:42','Humedad',34,739,0),('2020-10-06 23:18:43','Luz',78,740,0),('2020-10-06 23:18:44','Sonido',54,741,0),('2020-10-06 23:18:49','Luz',77,742,0),('2020-10-06 23:19:00','Luz',78,743,0),('2020-10-06 23:19:10','Luz',77,744,0),('2020-10-06 23:19:38','Luz',54,745,0),('2020-10-06 23:19:40','Sonido',90,746,0),('2020-10-06 23:19:40','Movimiento',1,747,0),('2020-10-06 23:19:42','Luz',77,748,0),('2020-10-06 23:19:43','Sonido',54,749,0),('2020-10-06 23:19:44','Movimiento',0,750,0),('2020-10-06 23:19:59','Luz',78,751,0),('2020-10-06 23:20:06','Luz',77,752,0),('2020-10-06 23:20:23','Luz',78,753,0),('2020-10-06 23:20:27','Luz',77,754,0),('2020-10-06 23:20:34','Luz',78,755,0),('2020-10-06 23:20:54','Luz',77,756,0),('2020-10-06 23:20:57','Luz',78,757,0),('2020-10-06 23:21:11','Luz',77,758,0),('2020-10-06 23:21:15','Luz',78,759,0),('2020-10-06 23:21:35','Luz',77,760,0),('2020-10-06 23:21:55','Luz',78,761,0),('2020-10-06 23:23:32','Sonido',56,762,0),('2020-10-06 23:23:36','Sonido',54,763,0),('2020-10-06 23:23:41','Luz',77,764,0),('2020-10-06 23:23:51','Temperatura',25,765,0),('2020-10-06 23:23:53','Humedad',32,766,0),('2020-10-06 23:23:54','Luz',78,767,0),('2020-10-06 23:23:56','Humedad',34,768,0),('2020-10-06 23:23:59','Temperatura',26,769,0),('2020-10-06 23:24:04','Luz',77,770,0),('2020-10-06 23:24:46','Sonido',56,771,0),('2020-10-06 23:24:53','Sonido',54,772,0),('2020-10-06 23:25:03','Sonido',56,773,0),('2020-10-06 23:25:10','Sonido',54,774,0),('2020-10-06 23:25:37','Sonido',56,775,0),('2020-10-06 23:25:48','Sonido',54,776,0),('2020-10-06 23:25:51','Sonido',56,777,0),('2020-10-06 23:25:54','Sonido',54,778,0),('2020-10-06 23:26:01','Sonido',56,779,0),('2020-10-06 23:26:02','Movimiento',1,780,0),('2020-10-06 23:26:05','Sonido',54,781,0),('2020-10-06 23:26:05','Movimiento',0,782,0),('2020-10-06 23:26:08','Sonido',56,783,0),('2020-10-06 23:26:10','Luz',78,784,0),('2020-10-06 23:26:12','Sonido',54,785,0),('2020-10-06 23:26:17','Luz',77,786,0),('2020-10-06 23:26:18','Sonido',56,787,0),('2020-10-06 23:26:22','Sonido',54,788,0),('2020-10-06 23:26:22','Movimiento',1,789,0),('2020-10-06 23:26:26','Movimiento',0,790,0),('2020-10-06 23:26:34','Luz',78,791,0),('2020-10-06 23:26:49','Sonido',56,792,0),('2020-10-06 23:26:56','Sonido',54,793,0),('2020-10-06 23:26:57','Movimiento',1,794,0),('2020-10-06 23:27:02','Luz',77,795,0),('2020-10-06 23:27:07','Movimiento',0,796,0),('2020-10-06 23:27:08','Luz',78,797,0),('2020-10-09 17:23:01','Temperatura',26,798,0),('2020-10-09 17:23:02','Humedad',34,799,0),('2020-10-09 17:23:02','Luz',38,800,0),('2020-10-09 17:23:02','Sonido',51,801,0),('2020-10-09 17:23:05','Luz',37,802,0),('2020-10-09 17:23:05','Sonido',52,803,0),('2020-10-09 17:23:08','Luz',38,804,0),('2020-10-09 17:23:10','Luz',39,805,0),('2020-10-09 17:23:11','Luz',37,806,0),('2020-10-09 17:23:12','Sonido',51,807,0),('2020-10-09 17:23:24','Sonido',52,808,0),('2020-10-09 17:23:27','Luz',43,809,0),('2020-10-09 17:23:27','Sonido',51,810,0),('2020-10-09 17:23:28','Movimiento',1,811,0),('2020-10-09 17:23:28','Luz',45,812,0),('2020-10-09 17:23:33','Luz',37,813,0),('2020-10-09 17:23:34','Movimiento',0,814,0),('2020-10-09 17:23:35','Luz',38,815,0),('2020-10-09 17:23:38','Luz',37,816,0),('2020-10-09 17:23:40','Luz',38,817,0),('2020-10-09 17:23:44','Luz',37,818,0),('2020-10-09 17:23:46','Luz',38,819,0),('2020-10-09 17:23:49','Luz',37,820,0),('2020-10-09 17:23:51','Luz',38,821,0),('2020-10-09 17:24:20','Sonido',52,822,0),('2020-10-09 17:24:23','Sonido',51,823,0),('2020-10-09 17:24:45','Temperatura',26,824,0),('2020-10-09 17:24:45','Humedad',34,825,0),('2020-10-09 17:24:45','Luz',38,826,0),('2020-10-09 17:24:45','Sonido',51,827,0),('2020-10-09 17:25:44','Temperatura',26,828,0),('2020-10-09 17:25:44','Humedad',34,829,0),('2020-10-09 17:25:45','Luz',40,830,0),('2020-10-09 17:25:45','Sonido',51,831,0),('2020-10-09 17:25:47','Luz',39,832,0),('2020-10-09 17:25:55','Luz',40,833,0),('2020-10-09 17:26:06','Movimiento',1,834,0),('2020-10-09 17:26:08','Luz',41,835,0),('2020-10-09 17:26:10','Luz',40,836,0),('2020-10-09 17:26:13','Luz',39,837,0),('2020-10-09 17:26:14','Movimiento',0,838,0),('2020-10-09 17:26:18','Luz',40,839,0),('2020-10-09 17:26:19','Movimiento',1,840,0),('2020-10-09 17:26:24','Movimiento',0,841,0),('2020-10-09 17:26:26','Luz',39,842,0),('2020-10-09 17:26:26','Movimiento',1,843,0),('2020-10-09 17:26:28','Luz',40,844,0),('2020-10-09 17:26:28','Sonido',49,845,0),('2020-10-09 17:26:31','Luz',37,846,0),('2020-10-09 17:26:31','Sonido',51,847,0),('2020-10-09 17:26:34','Sonido',52,848,0),('2020-10-09 17:26:36','Luz',36,849,0),('2020-10-09 17:26:36','Sonido',51,850,0),('2020-10-09 17:26:38','Luz',37,851,0),('2020-10-09 17:26:41','Luz',36,852,0),('2020-10-09 17:26:42','Movimiento',0,853,0),('2020-10-09 17:26:44','Luz',45,854,0),('2020-10-09 17:26:44','Movimiento',1,855,0),('2020-10-09 17:26:46','Temperatura',24,856,0),('2020-10-09 17:26:46','Humedad',36,857,0),('2020-10-09 17:26:46','Luz',50,858,0),('2020-10-09 17:26:47','Sonido',45,859,0),('2020-10-09 17:26:49','Luz',104,860,0),('2020-10-09 17:26:49','Sonido',47,861,0),('2020-10-09 17:26:51','Temperatura',26,862,0),('2020-10-09 17:26:51','Humedad',34,863,0),('2020-10-09 17:26:52','Luz',105,864,0),('2020-10-09 17:26:52','Sonido',45,865,0),('2020-10-09 17:26:52','Movimiento',0,866,0),('2020-10-09 17:26:55','Sonido',49,867,0),('2020-10-09 17:26:55','Movimiento',1,868,0),('2020-10-09 17:26:57','Luz',104,869,0),('2020-10-09 17:26:57','Sonido',51,870,0),('2020-10-09 17:26:57','Movimiento',0,871,0),('2020-10-09 17:27:02','Sonido',49,872,0),('2020-10-09 17:27:04','Luz',91,873,0),('2020-10-09 17:27:07','Sonido',64,874,0),('2020-10-09 17:27:07','Movimiento',1,875,0),('2020-10-09 17:27:09','Luz',56,876,0),('2020-10-09 17:27:10','Sonido',47,877,0),('2020-10-09 17:35:45','Temperatura',34,878,0),('2020-10-09 17:35:46','Humedad',34,879,0),('2020-10-09 17:35:46','Luz',174,880,0),('2020-10-09 17:35:46','Sonido',51,881,0),('2020-10-09 17:35:48','Temperatura',26,882,0),('2020-10-09 17:35:49','Luz',173,883,0),('2020-10-09 17:35:54','Luz',172,884,0),('2020-10-09 17:40:27','Temperatura',8,885,0),('2020-10-09 17:40:28','Humedad',34,886,0),('2020-10-09 17:40:28','Luz',166,887,0),('2020-10-09 17:40:28','Sonido',52,888,0),('2020-10-09 17:40:30','Temperatura',26,889,0),('2020-10-09 17:40:36','Luz',165,890,0),('2020-10-09 17:40:41','Luz',166,891,0),('2020-10-09 17:40:46','Luz',165,892,0),('2020-10-09 17:40:51','Luz',166,893,0),('2020-10-09 17:40:56','Luz',165,894,0),('2020-10-09 17:40:59','Luz',166,895,0),('2020-10-09 17:41:04','Luz',165,896,0),('2020-10-09 17:45:59','Temperatura',154,897,0),('2020-10-09 17:46:00','Humedad',34,898,0),('2020-10-09 17:46:00','Luz',166,899,0),('2020-10-09 17:46:00','Sonido',45,900,0),('2020-10-09 17:46:02','Temperatura',26,901,0),('2020-10-09 17:46:03','Luz',167,902,0),('2020-10-09 17:46:03','Sonido',47,903,0),('2020-10-09 17:46:07','Temperatura',25,904,0),('2020-10-09 17:46:07','Humedad',33,905,0),('2020-10-09 17:46:12','Temperatura',26,906,0),('2020-10-09 17:46:12','Humedad',34,907,0),('2020-10-09 17:46:13','Sonido',49,908,0),('2020-10-09 17:46:17','Temperatura',25,909,0),('2020-10-09 17:46:17','Humedad',33,910,0),('2020-10-09 17:46:18','Sonido',47,911,0),('2020-10-09 17:46:21','Sonido',45,912,0),('2020-10-09 17:46:22','Temperatura',26,913,0),('2020-10-09 17:46:23','Humedad',34,914,0),('2020-10-09 17:46:24','Luz',166,915,0),('2020-10-09 17:46:24','Sonido',47,916,0),('2020-10-09 17:46:26','Luz',167,917,0),('2020-10-09 17:46:28','Temperatura',25,918,0),('2020-10-09 17:46:29','Humedad',33,919,0),('2020-10-09 17:46:30','Sonido',45,920,0),('2020-10-09 17:46:33','Sonido',47,921,0),('2020-10-09 17:46:35','Humedad',32,922,0),('2020-10-09 17:46:40','Humedad',33,923,0),('2020-10-09 17:46:45','Temperatura',26,924,0),('2020-10-09 17:46:45','Humedad',34,925,0),('2020-10-09 17:46:50','Temperatura',25,926,0),('2020-10-09 17:46:50','Humedad',33,927,0),('2020-10-09 17:46:56','Luz',166,928,0),('2020-10-09 17:46:58','Luz',167,929,0),('2020-10-09 17:47:01','Luz',166,930,0),('2020-10-09 17:47:03','Luz',167,931,0),('2020-10-09 17:47:11','Sonido',45,932,0),('2020-10-09 17:47:14','Sonido',47,933,0),('2020-10-09 17:48:23','Temperatura',25,934,0),('2020-10-09 17:48:23','Humedad',34,935,0),('2020-10-09 17:48:24','Luz',166,936,0),('2020-10-09 17:48:24','Sonido',47,937,0),('2020-10-09 17:48:26','Temperatura',26,938,0),('2020-10-09 17:48:26','Luz',167,939,0),('2020-10-09 17:48:29','Sonido',45,940,0),('2020-10-09 17:48:31','Temperatura',25,941,0),('2020-10-09 17:48:31','Humedad',33,942,0),('2020-10-09 17:48:31','Luz',166,943,0),('2020-10-09 17:48:32','Sonido',47,944,0),('2020-10-09 17:48:44','Luz',167,945,0),('2020-10-09 17:48:46','Humedad',32,946,0),('2020-10-09 17:48:47','Luz',166,947,0),('2020-10-09 17:48:51','Humedad',33,948,0),('2020-10-09 17:48:52','Sonido',45,949,0),('2020-10-09 17:48:57','Sonido',41,950,0),('2020-10-09 17:49:00','Sonido',47,951,0),('2020-10-09 17:49:02','Sonido',45,952,0),('2020-10-09 17:49:04','Temperatura',26,953,0),('2020-10-09 17:49:04','Humedad',34,954,0),('2020-10-09 17:49:05','Luz',167,955,0),('2020-10-09 17:49:05','Sonido',47,956,0),('2020-10-09 17:49:10','Luz',166,957,0),('2020-10-09 17:49:14','Temperatura',25,958,0),('2020-10-09 17:49:14','Humedad',33,959,0),('2020-10-09 17:49:15','Sonido',45,960,0),('2020-10-09 17:49:18','Sonido',47,961,0),('2020-10-09 17:49:25','Sonido',45,962,0),('2020-10-09 17:49:35','Luz',25,963,0),('2020-10-09 17:49:35','Sonido',41,964,0),('2020-10-09 17:49:38','Luz',166,965,0),('2020-10-09 17:49:39','Sonido',47,966,0),('2020-10-09 17:49:41','Sonido',45,967,0),('2020-10-09 17:49:44','Sonido',47,968,0),('2020-10-09 17:49:46','Sonido',45,969,0),('2020-10-09 17:49:51','Sonido',47,970,0),('2020-10-09 17:49:56','Sonido',45,971,0),('2020-10-09 17:49:58','Temperatura',26,972,0),('2020-10-09 17:49:58','Humedad',34,973,0),('2020-10-09 17:50:08','Temperatura',25,974,0),('2020-10-09 17:50:08','Humedad',33,975,0),('2020-10-09 17:50:16','Sonido',47,976,0),('2020-10-09 17:50:27','Sonido',45,977,0),('2020-10-09 17:50:29','Sonido',47,978,0),('2020-10-09 17:50:32','Sonido',45,979,0),('2020-10-09 17:50:34','Luz',167,980,0),('2020-10-09 17:50:34','Sonido',47,981,0),('2020-10-09 17:50:42','Luz',166,982,0),('2020-10-09 17:50:43','Temperatura',26,983,0),('2020-10-09 17:50:44','Humedad',34,984,0),('2020-10-09 17:50:47','Sonido',45,985,0),('2020-10-09 17:50:49','Sonido',47,986,0),('2020-10-09 17:50:55','Sonido',45,987,0),('2020-10-09 17:51:07','Luz',167,988,0),('2020-10-09 17:51:09','Temperatura',25,989,0),('2020-10-09 17:51:09','Humedad',33,990,0),('2020-10-09 17:51:10','Luz',166,991,0),('2020-10-09 17:51:17','Temperatura',26,992,0),('2020-10-09 17:51:17','Humedad',34,993,0),('2020-10-09 17:51:18','Sonido',47,994,0),('2020-10-09 17:51:20','Sonido',45,995,0),('2020-10-09 17:51:23','Sonido',47,996,0),('2020-10-09 17:51:32','Temperatura',25,997,0),('2020-10-09 17:51:32','Humedad',33,998,0),('2020-10-09 17:51:38','Sonido',45,999,0),('2020-10-09 17:51:45','Sonido',47,1000,0),('2020-10-09 17:51:47','Luz',178,1001,0),('2020-10-09 17:51:48','Sonido',52,1002,0),('2020-10-09 17:51:49','Temperatura',26,1003,0),('2020-10-09 17:51:50','Humedad',34,1004,0),('2020-10-09 17:51:53','Movimiento',1,1005,0),('2020-10-09 17:51:55','Luz',179,1006,0),('2020-10-09 17:52:00','Luz',173,1007,0),('2020-10-09 17:52:01','Movimiento',0,1008,0),('2020-10-09 17:53:25','Luz',174,1009,0),('2020-10-09 17:53:28','Luz',173,1010,0),('2020-10-09 17:54:13','Luz',171,1011,0),('2020-10-09 17:54:21','Luz',172,1012,0),('2020-10-09 17:54:23','Luz',171,1013,0),('2020-10-09 17:56:25','Temperatura',26,1014,0),('2020-10-09 17:56:26','Humedad',34,1015,0),('2020-10-09 17:56:26','Luz',172,1016,0),('2020-10-09 17:56:26','Sonido',52,1017,0),('2020-10-09 17:56:31','Luz',171,1018,0),('2020-10-09 17:56:36','Luz',168,1019,0),('2020-10-09 17:57:03','Temperatura',25,1020,0),('2020-10-09 17:57:04','Humedad',32,1021,0),('2020-10-09 17:57:08','Temperatura',26,1022,0),('2020-10-09 17:57:09','Humedad',34,1023,0),('2020-10-09 17:57:30','Movimiento',26,1024,0),('2020-10-09 17:57:32','Movimiento',0,1025,0),('2020-10-09 17:58:42','Sonido',54,1026,0),('2020-10-09 17:58:44','Temperatura',25,1027,0),('2020-10-09 17:58:44','Humedad',32,1028,0),('2020-10-09 17:58:47','Sonido',51,1029,0),('2020-10-09 17:58:49','Temperatura',26,1030,0),('2020-10-09 17:58:49','Humedad',34,1031,0),('2020-10-09 17:58:50','Sonido',52,1032,0),('2020-10-09 17:59:15','Sonido',51,1033,0),('2020-10-09 17:59:18','Sonido',52,1034,0),('2020-10-09 17:59:37','Temperatura',25,1035,0),('2020-10-09 17:59:37','Humedad',32,1036,0),('2020-10-09 17:59:44','Temperatura',26,1037,0),('2020-10-09 17:59:45','Humedad',34,1038,0),('2020-10-09 17:59:49','Temperatura',25,1039,0),('2020-10-09 17:59:50','Humedad',33,1040,0),('2020-10-09 17:59:55','Temperatura',26,1041,0),('2020-10-09 17:59:55','Humedad',34,1042,0),('2020-10-09 18:00:27','Temperatura',25,1043,0),('2020-10-09 18:00:28','Humedad',32,1044,0),('2020-10-09 18:00:33','Temperatura',26,1045,0),('2020-10-09 18:00:33','Humedad',34,1046,0),('2020-10-09 18:00:49','Sonido',51,1047,0),('2020-10-09 18:00:50','Temperatura',25,1048,0),('2020-10-09 18:00:51','Humedad',32,1049,0),('2020-10-09 18:00:51','Sonido',52,1050,0),('2020-10-09 18:00:55','Temperatura',26,1051,0),('2020-10-09 18:00:56','Humedad',34,1052,0),('2020-10-09 18:01:06','Sonido',51,1053,0),('2020-10-09 18:01:09','Sonido',52,1054,0),('2020-10-09 18:01:44','Sonido',51,1055,0),('2020-10-09 18:01:47','Sonido',52,1056,0),('2020-10-09 18:01:50','Sonido',51,1057,0),('2020-10-09 18:01:52','Sonido',52,1058,0),('2020-10-09 18:02:17','Sonido',51,1059,0),('2020-10-09 18:02:20','Sonido',52,1060,0),('2020-10-09 18:02:23','Sonido',51,1061,0),('2020-10-09 18:02:25','Sonido',52,1062,0),('2020-10-09 18:02:50','Sonido',51,1063,0),('2020-10-09 18:02:53','Sonido',52,1064,0),('2020-10-09 18:03:25','Temperatura',25,1065,0),('2020-10-09 18:03:25','Humedad',32,1066,0),('2020-10-09 18:03:26','Sonido',51,1067,0),('2020-10-09 18:03:28','Sonido',52,1068,0),('2020-10-09 18:03:30','Temperatura',26,1069,0),('2020-10-09 18:03:31','Humedad',34,1070,0),('2020-10-09 18:05:03','Temperatura',25,1071,0),('2020-10-09 18:05:04','Humedad',32,1072,0),('2020-10-09 18:05:08','Temperatura',26,1073,0),('2020-10-09 18:05:09','Humedad',34,1074,0),('2020-10-09 18:05:19','Sonido',51,1075,0),('2020-10-09 18:05:22','Sonido',52,1076,0),('2020-10-09 18:05:42','Sonido',51,1077,0),('2020-10-09 18:05:45','Sonido',52,1078,0),('2020-10-09 18:05:55','Movimiento',1,1079,0),('2020-10-09 18:06:00','Movimiento',0,1080,0),('2020-10-09 18:06:03','Movimiento',1,1081,0),('2020-10-09 18:06:10','Movimiento',0,1082,0),('2020-10-09 18:06:15','Sonido',51,1083,0),('2020-10-09 18:06:18','Sonido',52,1084,0),('2020-10-09 18:06:27','Temperatura',25,1085,0),('2020-10-09 18:06:27','Humedad',32,1086,0),('2020-10-09 18:06:37','Temperatura',26,1087,0),('2020-10-09 18:06:37','Humedad',34,1088,0),('2020-10-09 18:06:45','Sonido',51,1089,0),('2020-10-09 18:06:48','Sonido',52,1090,0),('2020-10-09 18:06:53','Movimiento',1,1091,0),('2020-10-09 18:07:01','Movimiento',0,1092,0),('2020-10-09 18:08:16','Sonido',51,1093,0),('2020-10-09 18:08:19','Sonido',52,1094,0),('2020-10-09 18:08:23','Temperatura',25,1095,0),('2020-10-09 18:08:23','Humedad',32,1096,0),('2020-10-09 18:08:28','Temperatura',26,1097,0),('2020-10-09 18:08:28','Humedad',34,1098,0),('2020-10-09 18:08:34','Luz',167,1099,0),('2020-10-09 18:08:36','Luz',168,1100,0),('2020-10-09 18:08:44','Luz',167,1101,0),('2020-10-09 18:08:46','Luz',168,1102,0),('2020-10-09 18:08:49','Sonido',51,1103,0),('2020-10-09 18:08:52','Sonido',52,1104,0),('2020-10-09 18:09:01','Temperatura',25,1105,0),('2020-10-09 18:09:01','Humedad',32,1106,0),('2020-10-09 18:09:06','Temperatura',26,1107,0),('2020-10-09 18:09:07','Humedad',34,1108,0),('2020-10-09 18:09:24','Temperatura',27,1109,0),('2020-10-09 18:09:24','Humedad',33,1110,0),('2020-10-09 18:09:29','Temperatura',25,1111,0),('2020-10-09 18:09:29','Humedad',32,1112,0),('2020-10-09 18:09:34','Temperatura',26,1113,0),('2020-10-09 18:09:35','Humedad',34,1114,0),('2020-10-09 18:09:55','Sonido',26,1115,0),('2020-10-09 18:09:58','Sonido',52,1116,0),('2020-10-09 18:10:28','Sonido',54,1117,0),('2020-10-09 18:10:30','Sonido',52,1118,0),('2020-10-09 18:10:40','Temperatura',25,1119,0),('2020-10-09 18:10:40','Humedad',32,1120,0),('2020-10-09 18:10:47','Temperatura',26,1121,0),('2020-10-09 18:10:47','Humedad',34,1122,0),('2020-10-09 18:10:56','Movimiento',1,1123,0),('2020-10-09 18:11:08','Movimiento',0,1124,0),('2020-10-09 18:11:11','Movimiento',1,1125,0),('2020-10-09 18:11:13','Sonido',51,1126,0),('2020-10-09 18:11:13','Movimiento',0,1127,0),('2020-10-09 18:11:16','Sonido',52,1128,0),('2020-10-09 18:11:18','Luz',171,1129,0),('2020-10-09 18:11:20','Luz',170,1130,0),('2020-10-09 18:11:36','Sonido',51,1131,0),('2020-10-09 18:11:36','Movimiento',1,1132,0),('2020-10-09 18:11:38','Sonido',52,1133,0),('2020-10-09 18:11:41','Sonido',51,1134,0),('2020-10-09 18:11:42','Temperatura',25,1135,0),('2020-10-09 18:11:43','Humedad',32,1136,0),('2020-10-09 18:11:46','Sonido',49,1137,0),('2020-10-09 18:11:46','Movimiento',0,1138,0),('2020-10-09 18:11:48','Sonido',52,1139,0),('2020-10-09 18:11:53','Temperatura',26,1140,0),('2020-10-09 18:11:53','Humedad',34,1141,0),('2020-10-09 18:11:54','Sonido',51,1142,0),('2020-10-09 18:12:18','Luz',176,1143,0),('2020-10-09 18:12:24','Sonido',52,1144,0),('2020-10-09 18:12:26','Sonido',51,1145,0),('2020-10-09 18:12:36','Luz',175,1146,0),('2020-10-09 18:12:44','Sonido',52,1147,0),('2020-10-09 18:12:49','Sonido',51,1148,0),('2020-10-09 18:12:49','Movimiento',1,1149,0),('2020-10-09 18:12:59','Movimiento',0,1150,0),('2020-10-09 18:13:17','Sonido',52,1151,0),('2020-10-09 18:13:22','Sonido',51,1152,0),('2020-10-09 18:13:27','Sonido',52,1153,0),('2020-10-09 18:13:33','Sonido',51,1154,0),('2020-10-09 18:14:05','Temperatura',25,1155,0),('2020-10-09 18:14:05','Humedad',32,1156,0),('2020-10-09 18:14:06','Sonido',52,1157,0),('2020-10-09 18:14:10','Temperatura',26,1158,0),('2020-10-09 18:14:10','Humedad',34,1159,0),('2020-10-09 18:14:11','Sonido',51,1160,0),('2020-10-09 18:14:19','Sonido',52,1161,0),('2020-10-09 18:14:21','Sonido',51,1162,0),('2020-10-09 18:14:23','Temperatura',25,1163,0),('2020-10-09 18:14:23','Humedad',33,1164,0),('2020-10-09 18:14:24','Sonido',52,1165,0),('2020-10-09 18:14:26','Sonido',51,1166,0),('2020-10-09 18:14:28','Temperatura',26,1167,0),('2020-10-09 18:14:28','Humedad',34,1168,0),('2020-10-09 18:14:31','Sonido',52,1169,0),('2020-10-09 18:14:34','Sonido',51,1170,0),('2020-10-09 18:14:37','Movimiento',1,1171,0),('2020-10-09 18:14:39','Movimiento',0,1172,0),('2020-10-09 18:14:47','Movimiento',1,1173,0),('2020-10-09 18:14:49','Movimiento',0,1174,0),('2020-10-09 18:15:11','Sonido',52,1175,0),('2020-10-09 18:15:16','Sonido',51,1176,0),('2020-10-09 18:15:21','Luz',176,1177,0),('2020-10-09 18:15:25','Sonido',52,1178,0),('2020-10-09 18:15:28','Sonido',51,1179,0),('2020-10-09 18:15:30','Sonido',52,1180,0),('2020-10-09 18:15:31','Movimiento',1,1181,0),('2020-10-09 18:15:33','Sonido',51,1182,0),('2020-10-09 18:15:33','Movimiento',0,1183,0),('2020-10-09 18:15:40','Sonido',52,1184,0),('2020-10-09 18:15:41','Movimiento',1,1185,0),('2020-10-09 18:15:46','Movimiento',0,1186,0),('2020-10-09 18:15:50','Sonido',51,1187,0),('2020-10-09 18:15:54','Sonido',52,1188,0),('2020-10-09 18:16:00','Temperatura',25,1189,0),('2020-10-09 18:16:01','Humedad',32,1190,0),('2020-10-09 18:16:01','Sonido',51,1191,0),('2020-10-09 18:16:04','Sonido',52,1192,0),('2020-10-09 18:16:05','Temperatura',26,1193,0),('2020-10-09 18:16:06','Humedad',34,1194,0),('2020-10-09 18:16:06','Sonido',51,1195,0),('2020-10-09 18:16:14','Sonido',52,1196,0),('2020-10-09 18:16:16','Sonido',51,1197,0),('2020-10-09 18:16:19','Sonido',52,1198,0),('2020-10-09 18:16:23','Temperatura',25,1199,0),('2020-10-09 18:16:23','Humedad',32,1200,0),('2020-10-09 18:16:24','Sonido',51,1201,0),('2020-10-09 18:16:28','Temperatura',26,1202,0),('2020-10-09 18:16:29','Humedad',34,1203,0),('2020-10-09 18:16:34','Sonido',52,1204,0),('2020-10-09 18:16:40','Sonido',51,1205,0),('2020-10-09 18:17:00','Sonido',52,1206,0),('2020-10-09 18:17:03','Sonido',51,1207,0),('2020-10-09 18:17:15','Sonido',52,1208,0),('2020-10-09 18:17:18','Sonido',51,1209,0),('2020-10-09 18:17:25','Sonido',52,1210,0),('2020-10-09 18:17:31','Sonido',51,1211,0),('2020-10-09 18:17:43','Sonido',52,1212,0),('2020-10-09 18:17:46','Sonido',51,1213,0),('2020-10-09 18:18:02','Temperatura',25,1214,0),('2020-10-09 18:18:03','Humedad',32,1215,0),('2020-10-09 18:18:07','Temperatura',26,1216,0),('2020-10-09 18:18:08','Humedad',34,1217,0),('2020-10-09 18:18:13','Sonido',47,1218,0),('2020-10-09 18:18:16','Sonido',51,1219,0),('2020-10-09 18:18:21','Sonido',52,1220,0),('2020-10-09 18:18:24','Sonido',51,1221,0),('2020-10-09 18:18:34','Sonido',52,1222,0),('2020-10-09 18:18:40','Temperatura',25,1223,0),('2020-10-09 18:18:41','Humedad',32,1224,0),('2020-10-09 18:18:41','Sonido',51,1225,0),('2020-10-09 18:18:44','Sonido',52,1226,0),('2020-10-09 18:18:45','Temperatura',26,1227,0),('2020-10-09 18:18:46','Humedad',34,1228,0),('2020-10-09 18:18:47','Sonido',51,1229,0),('2020-10-09 18:18:51','Humedad',33,1230,0),('2020-10-09 18:18:52','Sonido',52,1231,0),('2020-10-09 18:18:53','Temperatura',25,1232,0),('2020-10-09 18:18:57','Sonido',51,1233,0),('2020-10-09 18:18:58','Temperatura',26,1234,0),('2020-10-09 18:18:59','Humedad',34,1235,0),('2020-10-09 18:19:04','Sonido',52,1236,0),('2020-10-09 18:19:09','Sonido',51,1237,0),('2020-10-09 18:19:14','Sonido',52,1238,0),('2020-10-09 18:19:19','Sonido',51,1239,0),('2020-10-09 18:19:34','Sonido',52,1240,0),('2020-10-09 18:19:37','Sonido',51,1241,0),('2020-10-09 18:20:27','Sonido',52,1242,0),('2020-10-09 18:20:32','Sonido',51,1243,0),('2020-10-09 18:20:37','Sonido',49,1244,0),('2020-10-09 18:20:40','Sonido',51,1245,0),('2020-10-09 18:20:52','Sonido',52,1246,0),('2020-10-09 18:21:15','Sonido',51,1247,0),('2020-10-09 18:21:18','Movimiento',1,1248,0),('2020-10-09 18:21:20','Luz',177,1249,0),('2020-10-09 18:21:20','Sonido',52,1250,0),('2020-10-09 18:21:20','Movimiento',0,1251,0),('2020-10-09 18:21:22','Temperatura',25,1252,0),('2020-10-09 18:21:22','Humedad',32,1253,0),('2020-10-09 18:21:22','Luz',176,1254,0),('2020-10-09 18:21:23','Sonido',51,1255,0),('2020-10-09 18:21:27','Temperatura',26,1256,0),('2020-10-09 18:21:27','Humedad',34,1257,0),('2020-10-09 18:21:35','Sonido',52,1258,0),('2020-10-09 18:21:38','Sonido',51,1259,0),('2020-10-09 18:21:45','Sonido',52,1260,0),('2020-10-09 18:21:50','Sonido',51,1261,0),('2020-10-09 18:21:53','Sonido',52,1262,0),('2020-10-09 18:21:55','Sonido',51,1263,0),('2020-10-09 18:22:03','Movimiento',1,1264,0),('2020-10-09 18:22:04','Temperatura',25,1265,0),('2020-10-09 18:22:05','Humedad',33,1266,0),('2020-10-09 18:22:05','Luz',178,1267,0),('2020-10-09 18:22:05','Sonido',52,1268,0),('2020-10-09 18:22:08','Sonido',51,1269,0),('2020-10-09 18:22:10','Luz',187,1270,0),('2020-10-09 18:22:10','Sonido',45,1271,0),('2020-10-09 18:22:11','Movimiento',0,1272,0),('2020-10-09 18:22:12','Temperatura',26,1273,0),('2020-10-09 18:22:12','Humedad',34,1274,0),('2020-10-09 18:22:13','Sonido',52,1275,0),('2020-10-09 18:22:13','Movimiento',1,1276,0),('2020-10-09 18:22:15','Temperatura',25,1277,0),('2020-10-09 18:22:16','Humedad',35,1278,0),('2020-10-09 18:22:16','Luz',185,1279,0),('2020-10-09 18:22:16','Sonido',9,1280,0),('2020-10-09 18:22:18','Luz',186,1281,0),('2020-10-09 18:22:19','Sonido',52,1282,0),('2020-10-09 18:22:21','Luz',185,1283,0),('2020-10-09 18:22:22','Movimiento',0,1284,0),('2020-10-09 18:22:23','Humedad',33,1285,0),('2020-10-09 18:22:24','Luz',186,1286,0),('2020-10-09 18:22:26','Sonido',47,1287,0),('2020-10-09 18:22:28','Temperatura',26,1288,0),('2020-10-09 18:22:29','Humedad',34,1289,0),('2020-10-09 18:22:29','Luz',185,1290,0),('2020-10-09 18:22:33','Temperatura',25,1291,0),('2020-10-09 18:22:34','Humedad',32,1292,0),('2020-10-09 18:22:35','Movimiento',1,1293,0),('2020-10-09 18:22:37','Luz',186,1294,0),('2020-10-09 18:22:37','Sonido',52,1295,0),('2020-10-09 18:22:39','Humedad',33,1296,0),('2020-10-09 18:22:39','Luz',185,1297,0),('2020-10-09 18:22:44','Temperatura',26,1298,0),('2020-10-09 18:22:44','Humedad',34,1299,0),('2020-10-09 18:22:45','Movimiento',0,1300,0),('2020-10-09 18:23:12','Luz',184,1301,0),('2020-10-09 18:23:25','Luz',185,1302,0),('2020-10-09 18:23:27','Luz',184,1303,0),('2020-10-09 18:23:30','Luz',185,1304,0),('2020-10-09 18:23:55','Luz',184,1305,0),('2020-10-09 18:24:00','Luz',185,1306,0),('2020-10-09 18:24:03','Luz',184,1307,0),('2020-10-09 18:24:28','Sonido',51,1308,0),('2020-10-09 18:24:31','Sonido',52,1309,0),('2020-10-09 18:24:33','Luz',185,1310,0),('2020-10-09 18:24:35','Luz',184,1311,0),('2020-10-09 18:24:38','Luz',185,1312,0),('2020-10-09 18:24:39','Sonido',51,1313,0),('2020-10-09 18:24:42','Luz',184,1314,0),('2020-10-09 18:24:42','Sonido',52,1315,0),('2020-10-09 18:24:47','Luz',185,1316,0),('2020-10-09 18:24:57','Movimiento',1,1317,0),('2020-10-09 18:25:00','Sonido',56,1318,0),('2020-10-09 18:25:02','Luz',186,1319,0),('2020-10-09 18:25:02','Sonido',51,1320,0),('2020-10-09 18:25:02','Movimiento',0,1321,0),('2020-10-09 18:25:05','Movimiento',1,1322,0),('2020-10-09 18:25:07','Luz',185,1323,0),('2020-10-09 18:25:09','Luz',186,1324,0),('2020-10-09 18:25:12','Movimiento',0,1325,0),('2020-10-09 18:25:15','Luz',184,1326,0),('2020-10-09 18:25:28','Movimiento',1,1327,0),('2020-10-09 18:25:30','Luz',182,1328,0),('2020-10-09 18:27:46','Temperatura',24,1329,0),('2020-10-09 18:27:47','Humedad',34,1330,0),('2020-10-09 18:27:47','Luz',184,1331,0),('2020-10-09 18:27:47','Sonido',54,1332,0),('2020-10-09 18:27:50','Sonido',56,1333,0),('2020-10-09 18:27:57','Sonido',54,1334,0),('2020-10-09 18:28:08','Sonido',56,1335,0),('2020-10-09 18:28:15','Sonido',54,1336,0),('2020-10-09 18:28:23','Sonido',56,1337,0),('2020-10-09 18:28:25','Temperatura',23,1338,0),('2020-10-09 18:28:25','Humedad',32,1339,0),('2020-10-09 18:28:25','Sonido',54,1340,0),('2020-10-09 18:28:30','Temperatura',24,1341,0),('2020-10-09 18:28:30','Humedad',34,1342,0),('2020-10-09 18:28:38','Sonido',56,1343,0),('2020-10-09 18:28:43','Sonido',54,1344,0),('2020-10-09 18:28:51','Sonido',56,1345,0),('2020-10-09 18:28:53','Luz',183,1346,0),('2020-10-09 18:28:53','Sonido',54,1347,0),('2020-10-09 18:28:55','Luz',184,1348,0),('2020-10-09 18:28:56','Sonido',56,1349,0),('2020-10-09 18:28:58','Luz',183,1350,0),('2020-10-09 18:28:59','Sonido',54,1351,0),('2020-10-09 18:29:01','Sonido',56,1352,0),('2020-10-09 18:29:04','Sonido',54,1353,0),('2020-10-09 18:29:09','Sonido',56,1354,0),('2020-10-09 18:29:14','Sonido',54,1355,0),('2020-10-09 18:29:24','Sonido',56,1356,0),('2020-10-09 18:29:27','Sonido',54,1357,0),('2020-10-09 18:29:32','Sonido',56,1358,0),('2020-10-09 18:29:38','Sonido',54,1359,0),('2020-10-09 18:29:46','Sonido',56,1360,0),('2020-10-09 18:29:48','Sonido',54,1361,0),('2020-10-09 18:29:56','Sonido',56,1362,0),('2020-10-09 18:29:58','Sonido',54,1363,0),('2020-10-09 18:30:03','Luz',184,1364,0),('2020-10-09 18:30:06','Luz',183,1365,0),('2020-10-09 18:30:13','Sonido',56,1366,0),('2020-10-09 18:30:16','Sonido',54,1367,0),('2020-10-09 18:30:18','Sonido',56,1368,0),('2020-10-09 18:30:21','Sonido',54,1369,0),('2020-10-09 18:30:31','Sonido',56,1370,0),('2020-10-09 18:30:34','Sonido',54,1371,0),('2020-10-09 18:30:51','Sonido',56,1372,0),('2020-10-09 18:30:54','Temperatura',24,1373,0),('2020-10-09 18:30:54','Humedad',34,1374,0),('2020-10-09 18:30:55','Luz',183,1375,0),('2020-10-09 18:30:55','Sonido',54,1376,0),('2020-10-09 18:31:03','Sonido',56,1377,0),('2020-10-09 18:31:05','Sonido',54,1378,0),('2020-10-09 18:31:13','Movimiento',1,1379,0),('2020-10-09 18:31:15','Luz',184,1380,0),('2020-10-09 18:31:16','Movimiento',0,1381,0),('2020-10-09 18:31:18','Luz',183,1382,0),('2020-10-09 18:31:28','Luz',184,1383,0),('2020-10-09 18:31:30','Luz',185,1384,0),('2020-10-09 18:31:31','Movimiento',1,1385,0),('2020-10-09 18:31:33','Luz',181,1386,0),('2020-10-09 18:31:33','Movimiento',0,1387,0),('2020-10-09 18:31:43','Luz',186,1388,0),('2020-10-09 18:31:46','Sonido',56,1389,0),('2020-10-09 18:31:51','Sonido',54,1390,0),('2020-10-09 18:31:56','Luz',185,1391,0),('2020-10-09 18:31:58','Sonido',56,1392,0),('2020-10-09 18:32:03','Luz',186,1393,0),('2020-10-09 18:32:04','Movimiento',1,1394,0),('2020-10-09 18:32:06','Luz',185,1395,0),('2020-10-09 18:32:07','Sonido',54,1396,0),('2020-10-09 18:32:07','Movimiento',0,1397,0),('2020-10-09 18:32:14','Luz',186,1398,0),('2020-10-09 18:32:14','Movimiento',1,1399,0),('2020-10-09 18:32:17','Movimiento',0,1400,0),('2020-10-09 18:32:22','Movimiento',1,1401,0),('2020-10-09 18:32:24','Luz',185,1402,0),('2020-10-09 18:32:29','Luz',186,1403,0),('2020-10-09 18:32:30','Movimiento',0,1404,0),('2020-10-09 18:32:34','Temperatura',26,1405,0),('2020-10-09 18:32:35','Luz',0,1406,0),('2020-10-09 18:32:35','Sonido',0,1407,0),('2020-10-09 18:32:38','Luz',185,1408,0),('2020-10-09 18:32:38','Sonido',54,1409,0),('2020-10-09 18:32:39','Temperatura',24,1410,0),('2020-10-09 18:32:56','Luz',187,1411,0),('2020-10-09 18:33:01','Luz',77,1412,0),('2020-10-09 18:33:08','Luz',67,1413,0),('2020-10-09 18:33:17','Sonido',0,1414,0),('2020-10-09 18:33:22','Temperatura',0,1415,0),('2020-10-09 18:33:22','Humedad',0,1416,0),('2020-10-09 18:33:22','Luz',0,1417,0),('2020-10-09 18:33:24','Temperatura',26,1418,0),('2020-10-09 18:33:25','Humedad',34,1419,0),('2020-10-09 18:37:56','Temperatura',25,1420,0),('2020-10-09 18:37:58','Humedad',33,1421,0),('2020-10-09 18:37:58','Luz',93,1422,0),('2020-10-09 18:37:58','Sonido',54,1423,0),('2020-10-09 18:37:59','Movimiento',1,1424,0),('2020-10-09 18:38:01','Movimiento',0,1425,0),('2020-10-09 18:38:04','Movimiento',1,1426,0),('2020-10-09 18:38:06','Movimiento',0,1427,0),('2020-10-09 18:38:09','Movimiento',1,1428,0),('2020-10-09 18:38:13','Luz',94,1429,0),('2020-10-09 18:38:18','Luz',93,1430,0),('2020-10-09 18:38:18','Sonido',56,1431,0),('2020-10-09 18:38:23','Sonido',54,1432,0),('2020-10-09 18:38:26','Sonido',56,1433,0),('2020-10-09 18:38:28','Sonido',54,1434,0),('2020-10-09 18:38:31','Sonido',56,1435,0),('2020-10-09 18:38:34','Sonido',54,1436,0),('2020-10-09 18:38:37','Sonido',56,1437,0),('2020-10-09 18:38:40','Movimiento',0,1438,0),('2020-10-09 18:38:45','Movimiento',1,1439,0),('2020-10-09 18:38:50','Sonido',54,1440,0),('2020-10-09 18:38:50','Movimiento',0,1441,0),('2020-10-09 18:38:52','Sonido',56,1442,0),('2020-10-09 18:38:52','Movimiento',1,1443,0),('2020-10-09 18:38:54','Temperatura',33,1444,0),('2020-10-09 18:38:55','Movimiento',0,1445,0),('2020-10-09 18:38:56','Temperatura',25,1446,0),('2020-10-09 18:39:00','Movimiento',1,1447,0),('2020-10-09 18:39:02','Sonido',54,1448,0),('2020-10-09 18:39:05','Sonido',56,1449,0),('2020-10-09 18:39:07','Sonido',54,1450,0),('2020-10-09 18:39:10','Sonido',56,1451,0),('2020-10-09 18:39:20','Luz',94,1452,0),('2020-10-09 18:39:23','Luz',93,1453,0),('2020-10-09 18:39:23','Movimiento',0,1454,0),('2020-10-09 18:39:26','Movimiento',1,1455,0),('2020-10-09 18:39:33','Sonido',54,1456,0),('2020-10-09 18:39:33','Movimiento',0,1457,0),('2020-10-09 18:39:36','Sonido',56,1458,0),('2020-10-09 18:39:36','Movimiento',1,1459,0),('2020-10-09 18:39:38','Luz',94,1460,0),('2020-10-09 18:39:45','Luz',93,1461,0),('2020-10-09 18:39:48','Luz',94,1462,0),('2020-10-09 18:39:51','Luz',93,1463,0),('2020-10-09 18:39:53','Luz',94,1464,0),('2020-10-09 18:39:55','Temperatura',23,1465,0),('2020-10-09 18:39:56','Luz',93,1466,0),('2020-10-09 18:39:56','Sonido',54,1467,0),('2020-10-09 18:39:56','Movimiento',0,1468,0),('2020-10-09 18:39:58','Luz',94,1469,0),('2020-10-09 18:39:58','Sonido',56,1470,0),('2020-10-09 18:39:59','Movimiento',1,1471,0),('2020-10-09 18:40:01','Sonido',54,1472,0),('2020-10-09 18:40:01','Movimiento',0,1473,0),('2020-10-09 18:40:03','Temperatura',24,1474,0),('2020-10-09 18:40:03','Humedad',34,1475,0),('2020-10-09 18:40:03','Luz',96,1476,0),('2020-10-09 18:40:04','Sonido',64,1477,0),('2020-10-09 18:40:06','Movimiento',1,1478,0),('2020-10-09 18:40:08','Luz',93,1479,0),('2020-10-09 18:40:09','Sonido',56,1480,0),('2020-10-09 18:40:11','Luz',94,1481,0),('2020-10-09 18:40:13','Luz',93,1482,0),('2020-10-09 18:40:18','Temperatura',25,1483,0),('2020-10-09 18:40:18','Humedad',33,1484,0),('2020-10-09 18:40:19','Movimiento',0,1485,0),('2020-10-09 18:40:22','Movimiento',1,1486,0),('2020-10-09 18:40:23','Temperatura',24,1487,0),('2020-10-09 18:40:24','Humedad',34,1488,0),('2020-10-09 18:40:26','Luz',94,1489,0),('2020-10-09 18:40:34','Movimiento',0,1490,0),('2020-10-09 18:40:37','Movimiento',1,1491,0),('2020-10-09 18:40:40','Movimiento',0,1492,0),('2020-10-09 18:40:42','Movimiento',1,1493,0),('2020-10-09 18:40:46','Luz',93,1494,0),('2020-10-09 18:40:57','Sonido',54,1495,0),('2020-10-09 18:40:58','Movimiento',0,1496,0),('2020-10-09 18:41:00','Sonido',56,1497,0),('2020-10-09 18:41:00','Movimiento',1,1498,0),('2020-10-09 18:41:07','Luz',94,1499,0),('2020-10-09 18:41:08','Movimiento',0,1500,0),('2020-10-09 18:41:10','Movimiento',1,1501,0),('2020-10-09 18:41:13','Movimiento',0,1502,0),('2020-10-09 18:41:16','Movimiento',1,1503,0),('2020-10-09 18:41:18','Movimiento',0,1504,0),('2020-10-09 18:41:26','Movimiento',1,1505,0),('2020-10-09 18:41:40','Sonido',54,1506,0),('2020-10-09 18:41:44','Sonido',56,1507,0),('2020-10-09 18:41:47','Movimiento',0,1508,0),('2020-10-09 18:41:49','Movimiento',1,1509,0),('2020-10-09 18:41:51','Luz',93,1510,0),('2020-10-09 18:41:57','Movimiento',0,1511,0),('2020-10-09 18:42:01','Luz',94,1512,0),('2020-10-09 18:42:12','Movimiento',1,1513,0),('2020-10-09 18:42:24','Luz',93,1514,0),('2020-10-09 18:42:27','Luz',94,1515,0),('2020-10-09 18:42:30','Movimiento',0,1516,0),('2020-10-09 18:42:31','Temperatura',23,1517,0),('2020-10-09 18:42:32','Humedad',32,1518,0),('2020-10-09 18:42:32','Luz',93,1519,0),('2020-10-09 18:42:33','Movimiento',1,1520,0),('2020-10-09 18:42:35','Luz',94,1521,0),('2020-10-09 18:42:36','Temperatura',24,1522,0),('2020-10-09 18:42:37','Humedad',34,1523,0),('2020-10-09 18:42:42','Luz',93,1524,0),('2020-10-09 18:42:45','Luz',94,1525,0),('2020-10-09 18:42:53','Movimiento',0,1526,0),('2020-10-09 18:42:56','Movimiento',1,1527,0),('2020-10-09 18:42:58','Luz',91,1528,0),('2020-10-09 18:43:03','Movimiento',0,1529,0),('2020-10-09 18:43:13','Movimiento',1,1530,0),('2020-10-09 18:43:25','Luz',86,1531,0),('2020-10-09 18:43:26','Movimiento',0,1532,0),('2020-10-09 18:43:28','Luz',91,1533,0),('2020-10-09 18:43:29','Movimiento',1,1534,0),('2020-10-09 18:43:31','Sonido',54,1535,0),('2020-10-09 18:43:33','Sonido',56,1536,0),('2020-10-09 18:43:36','Movimiento',0,1537,0),('2020-10-09 18:44:04','Movimiento',1,1538,0),('2020-10-09 18:44:12','Movimiento',0,1539,0),('2020-10-09 18:44:17','Movimiento',1,1540,0),('2020-10-09 18:44:22','Movimiento',0,1541,0),('2020-10-09 18:44:34','Movimiento',1,1542,0),('2020-10-09 18:44:39','Movimiento',0,1543,0),('2020-10-09 18:44:52','Movimiento',1,1544,0),('2020-10-09 18:44:55','Movimiento',0,1545,0),('2020-10-09 18:45:05','Movimiento',1,1546,0),('2020-10-09 18:45:12','Movimiento',0,1547,0),('2020-10-09 18:45:15','Movimiento',1,1548,0),('2020-10-09 18:45:18','Movimiento',0,1549,0),('2020-10-09 18:45:23','Movimiento',1,1550,0),('2020-10-09 18:45:25','Sonido',54,1551,0),('2020-10-09 18:45:28','Sonido',56,1552,0),('2020-10-09 18:45:28','Movimiento',0,1553,0),('2020-10-09 18:45:46','Movimiento',1,1554,0),('2020-10-09 18:45:56','Movimiento',0,1555,0),('2020-10-09 18:46:02','Movimiento',1,1556,0),('2020-10-09 18:46:07','Movimiento',0,1557,0),('2020-10-09 18:46:17','Movimiento',1,1558,0),('2020-10-09 18:46:22','Movimiento',0,1559,0),('2020-10-09 18:46:24','Movimiento',1,1560,0),('2020-10-09 18:46:29','Movimiento',0,1561,0),('2020-10-09 18:46:35','Movimiento',1,1562,0),('2020-10-09 18:46:40','Movimiento',0,1563,0),('2020-10-09 18:46:43','Movimiento',1,1564,0),('2020-10-09 18:46:45','Movimiento',0,1565,0),('2020-10-09 18:46:48','Movimiento',1,1566,0),('2020-10-09 18:46:56','Movimiento',0,1567,0),('2020-10-09 18:46:58','Movimiento',1,1568,0),('2020-10-09 18:47:01','Movimiento',0,1569,0),('2020-10-09 18:47:03','Movimiento',1,1570,0),('2020-10-09 18:47:18','Movimiento',0,1571,0),('2020-10-09 18:47:23','Movimiento',1,1572,0),('2020-10-09 18:47:28','Movimiento',0,1573,0),('2020-10-09 18:47:31','Movimiento',1,1574,0),('2020-10-09 18:47:56','Movimiento',0,1575,0),('2020-10-09 18:47:59','Movimiento',1,1576,0),('2020-10-09 18:48:01','Movimiento',0,1577,0),('2020-10-09 18:48:09','Movimiento',1,1578,0),('2020-10-09 18:48:14','Movimiento',0,1579,0),('2020-10-09 18:48:16','Movimiento',1,1580,0),('2020-10-09 18:48:45','Temperatura',23,1581,0),('2020-10-09 18:48:46','Humedad',32,1582,0),('2020-10-09 18:48:52','Movimiento',0,1583,0),('2020-10-09 18:48:53','Humedad',33,1584,0),('2020-10-09 18:48:58','Temperatura',24,1585,0),('2020-10-09 18:48:58','Humedad',34,1586,0),('2020-10-09 18:49:02','Movimiento',1,1587,0),('2020-10-09 18:49:09','Movimiento',0,1588,0),('2020-10-09 18:49:14','Luz',25,1589,0),('2020-10-09 18:49:14','Movimiento',1,1590,0),('2020-10-09 18:49:19','Luz',0,1591,0),('2020-10-09 18:49:19','Movimiento',0,1592,0),('2020-10-09 18:49:31','Temperatura',23,1593,0),('2020-10-09 18:49:44','Sonido',58,1594,0),('2020-10-09 18:49:46','Temperatura',24,1595,0),('2020-10-09 18:49:47','Sonido',56,1596,0),('2020-10-09 18:50:21','Temperatura',23,1597,0),('2020-10-09 18:50:31','Temperatura',24,1598,0),('2020-10-09 18:50:36','Temperatura',23,1599,0),('2020-10-09 18:50:49','Temperatura',24,1600,0),('2020-10-09 18:50:54','Temperatura',23,1601,0),('2020-10-09 18:50:59','Temperatura',24,1602,0),('2020-10-09 18:51:04','Temperatura',23,1603,0),('2020-10-09 18:52:40','Sonido',58,1604,0),('2020-10-09 18:52:50','Sonido',56,1605,0),('2020-10-09 18:52:55','Sonido',58,1606,0),('2020-10-09 18:53:05','Sonido',56,1607,0),('2020-10-09 18:53:18','Sonido',58,1608,0),('2020-10-09 18:53:23','Sonido',56,1609,0),('2020-10-09 18:53:25','Sonido',58,1610,0),('2020-10-09 18:53:33','Sonido',56,1611,0),('2020-10-09 18:53:43','Sonido',58,1612,0),('2020-10-09 18:53:46','Sonido',56,1613,0),('2020-10-09 18:53:51','Sonido',58,1614,0),('2020-10-09 18:53:56','Sonido',56,1615,0),('2020-10-09 18:53:58','Sonido',58,1616,0),('2020-10-09 18:54:01','Sonido',56,1617,0),('2020-10-09 18:54:08','Sonido',58,1618,0),('2020-10-09 18:54:18','Sonido',56,1619,0),('2020-10-09 18:54:28','Sonido',58,1620,0),('2020-10-09 18:54:33','Sonido',56,1621,0),('2020-10-09 18:54:43','Sonido',58,1622,0),('2020-10-09 18:54:45','Temperatura',24,1623,0),('2020-10-09 18:54:46','Sonido',56,1624,0),('2020-10-09 18:54:50','Temperatura',23,1625,0),('2020-10-09 18:55:11','Sonido',58,1626,0),('2020-10-09 18:55:14','Sonido',56,1627,0),('2020-10-09 18:55:18','Luz',85,1628,0),('2020-10-09 18:55:19','Sonido',58,1629,0),('2020-10-09 18:55:21','Luz',87,1630,0),('2020-10-09 18:55:24','Movimiento',1,1631,0),('2020-10-09 18:55:29','Sonido',56,1632,0),('2020-10-09 18:55:31','Sonido',58,1633,0),('2020-10-09 18:55:34','Movimiento',0,1634,0),('2020-10-09 18:55:36','Luz',0,1635,0),('2020-10-09 18:55:42','Sonido',56,1636,0),('2020-10-09 18:56:04','Sonido',58,1637,0),('2020-10-09 18:56:19','Sonido',56,1638,0),('2020-10-09 18:56:27','Sonido',58,1639,0),('2020-10-09 18:56:30','Sonido',56,1640,0),('2020-10-09 18:56:35','Sonido',58,1641,0),('2020-10-09 18:56:40','Sonido',56,1642,0),('2020-10-09 18:56:43','Sonido',58,1643,0),('2020-10-09 18:56:58','Sonido',56,1644,0),('2020-10-09 18:57:00','Sonido',58,1645,0),('2020-10-09 18:57:08','Sonido',56,1646,0),('2020-10-09 18:57:11','Sonido',58,1647,0),('2020-10-09 18:57:19','Sonido',56,1648,0),('2020-10-09 18:57:21','Sonido',58,1649,0),('2020-10-09 18:57:47','Sonido',56,1650,0),('2020-10-09 18:57:49','Sonido',58,1651,0),('2020-10-09 18:58:27','Sonido',56,1652,0),('2020-10-09 18:58:30','Sonido',58,1653,0),('2020-10-09 18:58:32','Sonido',56,1654,0),('2020-10-09 18:58:35','Sonido',58,1655,0),('2020-10-09 18:58:37','Sonido',56,1656,0),('2020-10-09 18:58:41','Sonido',58,1657,0),('2020-10-09 18:58:43','Sonido',56,1658,0),('2020-10-09 18:58:51','Sonido',58,1659,0),('2020-10-09 18:58:53','Humedad',23,1660,0),('2020-10-09 18:58:53','Sonido',56,1661,0),('2020-10-09 18:58:55','Humedad',34,1662,0),('2020-10-09 18:58:58','Sonido',58,1663,0),('2020-10-09 18:59:06','Sonido',56,1664,0),('2020-10-09 18:59:11','Sonido',58,1665,0),('2020-10-09 18:59:16','Sonido',56,1666,0),('2020-10-09 18:59:22','Sonido',58,1667,0),('2020-10-09 18:59:27','Sonido',56,1668,0),('2020-10-09 18:59:29','Sonido',58,1669,0),('2020-10-09 18:59:32','Sonido',56,1670,0),('2020-10-09 18:59:37','Sonido',58,1671,0),('2020-10-09 18:59:43','Temperatura',22,1672,0),('2020-10-09 18:59:44','Humedad',33,1673,0),('2020-10-09 18:59:44','Sonido',56,1674,0),('2020-10-09 18:59:47','Sonido',58,1675,0),('2020-10-09 18:59:49','Temperatura',23,1676,0),('2020-10-09 18:59:49','Humedad',34,1677,0),('2020-10-09 18:59:49','Sonido',56,1678,0),('2020-10-09 18:59:52','Sonido',58,1679,0),('2020-10-09 18:59:55','Sonido',56,1680,0),('2020-10-09 18:59:57','Sonido',58,1681,0),('2020-10-09 19:00:00','Sonido',56,1682,0),('2020-10-09 19:00:02','Sonido',58,1683,0),('2020-10-09 19:00:05','Sonido',56,1684,0),('2020-10-09 19:00:07','Sonido',58,1685,0),('2020-10-09 19:00:12','Sonido',56,1686,0),('2020-10-09 19:00:25','Sonido',58,1687,0),('2020-10-09 19:00:27','Sonido',56,1688,0),('2020-10-09 19:00:30','Sonido',58,1689,0),('2020-10-09 19:00:32','Sonido',56,1690,0),('2020-10-09 19:00:35','Sonido',58,1691,0),('2020-10-09 19:00:45','Sonido',56,1692,0),('2020-10-09 19:00:47','Sonido',58,1693,0),('2020-10-09 19:00:49','Temperatura',22,1694,0),('2020-10-09 19:00:50','Humedad',33,1695,0),('2020-10-09 19:00:50','Sonido',56,1696,0),('2020-10-09 19:00:54','Temperatura',23,1697,0),('2020-10-09 19:00:55','Humedad',34,1698,0),('2020-10-09 19:00:55','Sonido',58,1699,0),('2020-10-09 19:01:06','Sonido',56,1700,0),('2020-10-09 19:01:13','Sonido',58,1701,0),('2020-10-09 19:01:28','Sonido',56,1702,0),('2020-10-09 19:01:31','Sonido',58,1703,0),('2020-10-09 19:01:34','Sonido',56,1704,0),('2020-10-09 19:01:36','Sonido',58,1705,0),('2020-10-09 19:01:39','Sonido',56,1706,0),('2020-10-09 19:01:42','Sonido',58,1707,0),('2020-10-09 19:01:44','Sonido',56,1708,0),('2020-10-09 19:01:49','Sonido',58,1709,0),('2020-10-09 19:01:57','Sonido',56,1710,0),('2020-10-09 19:02:00','Sonido',58,1711,0),('2020-10-09 19:02:12','Sonido',56,1712,0),('2020-10-09 19:02:15','Sonido',58,1713,0),('2020-10-09 19:02:17','Sonido',56,1714,0),('2020-10-09 19:02:20','Sonido',58,1715,0),('2020-10-09 19:02:45','Sonido',56,1716,0),('2020-10-09 19:02:47','Sonido',58,1717,0),('2020-10-09 19:03:07','Sonido',56,1718,0),('2020-10-09 19:03:10','Sonido',58,1719,0),('2020-10-09 19:03:12','Sonido',56,1720,0),('2020-10-09 19:03:15','Sonido',58,1721,0),('2020-10-09 19:03:18','Sonido',56,1722,0),('2020-10-09 19:03:26','Sonido',58,1723,0),('2020-10-09 19:03:31','Sonido',56,1724,0),('2020-10-09 19:03:33','Sonido',58,1725,0),('2020-10-09 19:03:36','Sonido',56,1726,0),('2020-10-09 19:03:38','Sonido',58,1727,0),('2020-10-09 19:03:46','Sonido',56,1728,0),('2020-10-09 19:03:48','Sonido',58,1729,0),('2020-10-09 19:03:51','Sonido',56,1730,0),('2020-10-09 19:03:54','Sonido',58,1731,0),('2020-10-09 19:04:19','Sonido',56,1732,0),('2020-10-09 19:04:21','Sonido',58,1733,0),('2020-10-09 19:04:47','Sonido',56,1734,0),('2020-10-09 19:04:49','Sonido',58,1735,0),('2020-10-09 19:05:04','Sonido',56,1736,0),('2020-10-09 19:05:07','Sonido',58,1737,0),('2020-10-09 19:05:14','Sonido',56,1738,0),('2020-10-09 19:05:17','Sonido',58,1739,0),('2020-10-09 19:05:25','Movimiento',23,1740,0),('2020-10-09 19:05:27','Sonido',56,1741,0),('2020-10-09 19:05:27','Movimiento',0,1742,0),('2020-10-09 19:05:32','Sonido',58,1743,0),('2020-10-09 19:05:37','Sonido',56,1744,0),('2020-10-09 19:05:39','Sonido',58,1745,0),('2020-10-09 19:05:42','Sonido',56,1746,0),('2020-10-09 19:05:44','Sonido',58,1747,0),('2020-10-09 19:05:47','Sonido',56,1748,0),('2020-10-09 19:05:52','Sonido',58,1749,0),('2020-10-09 19:06:10','Sonido',56,1750,0),('2020-10-09 19:06:17','Sonido',58,1751,0),('2020-10-09 19:06:27','Sonido',56,1752,0),('2020-10-09 19:06:35','Sonido',58,1753,0),('2020-10-09 19:06:42','Sonido',56,1754,0),('2020-10-09 19:06:45','Sonido',58,1755,0),('2020-10-09 19:06:50','Sonido',56,1756,0),('2020-10-09 19:06:55','Sonido',58,1757,0),('2020-10-09 19:07:10','Sonido',56,1758,0),('2020-10-09 19:07:15','Sonido',58,1759,0),('2020-10-09 19:07:27','Sonido',56,1760,0),('2020-10-09 19:07:30','Sonido',58,1761,0),('2020-10-09 19:07:33','Sonido',56,1762,0),('2020-10-09 19:07:35','Sonido',58,1763,0),('2020-10-09 19:07:38','Sonido',56,1764,0),('2020-10-09 19:07:40','Sonido',58,1765,0),('2020-10-09 19:07:50','Sonido',56,1766,0),('2020-10-09 19:07:55','Sonido',58,1767,0),('2020-10-09 19:08:06','Sonido',56,1768,0),('2020-10-09 19:08:08','Sonido',58,1769,0),('2020-10-09 19:08:11','Sonido',56,1770,0),('2020-10-09 19:08:13','Sonido',58,1771,0),('2020-10-09 19:08:33','Sonido',56,1772,0),('2020-10-09 19:08:36','Sonido',58,1773,0),('2020-10-09 19:09:06','Sonido',56,1774,0),('2020-10-09 19:09:09','Sonido',58,1775,0),('2020-10-09 19:09:11','Sonido',56,1776,0),('2020-10-09 19:09:16','Sonido',58,1777,0),('2020-10-09 19:09:35','Sonido',56,1778,0),('2020-10-09 19:09:37','Sonido',58,1779,0),('2020-10-09 19:09:45','Sonido',56,1780,0),('2020-10-09 19:09:48','Sonido',58,1781,0),('2020-10-09 19:09:56','Sonido',56,1782,0),('2020-10-09 19:09:58','Sonido',58,1783,0),('2020-10-09 19:10:51','Sonido',56,1784,0),('2020-10-09 19:10:54','Sonido',58,1785,0),('2020-10-09 19:10:56','Sonido',56,1786,0),('2020-10-09 19:10:59','Sonido',58,1787,0),('2020-10-09 22:52:41','Temperatura',23,1788,0),('2020-10-09 22:52:42','Humedad',34,1789,0),('2020-10-09 22:52:42','Luz',91,1790,0),('2020-10-09 22:52:43','Sonido',58,1791,0),('2020-10-09 22:52:45','Luz',90,1792,0),('2020-10-09 22:52:45','Sonido',56,1793,0),('2020-10-09 22:52:48','Sonido',58,1794,0),('2020-10-09 22:52:50','Sonido',56,1795,0),('2020-10-09 22:52:51','Movimiento',1,1796,0),('2020-10-09 22:52:52','Luz',89,1797,0),('2020-10-09 22:52:55','Luz',90,1798,0),('2020-10-09 22:52:55','Sonido',58,1799,0),('2020-10-09 22:53:00','Sonido',56,1800,0),('2020-10-09 22:53:03','Sonido',58,1801,0),('2020-10-09 22:53:03','Movimiento',0,1802,0),('2020-10-09 22:53:08','Movimiento',1,1803,0),('2020-10-09 22:53:13','Movimiento',0,1804,0),('2020-10-09 22:53:18','Sonido',56,1805,0),('2020-10-09 22:53:21','Sonido',58,1806,0),('2020-10-09 22:53:22','Movimiento',1,1807,0),('2020-10-09 22:53:24','Sonido',56,1808,0),('2020-10-09 22:53:27','Sonido',58,1809,0),('2020-10-09 22:53:30','Movimiento',0,1810,0),('2020-10-09 22:53:34','Sonido',56,1811,0),('2020-10-09 22:53:39','Sonido',58,1812,0),('2020-10-09 22:53:50','Movimiento',1,1813,0),('2020-10-09 22:53:52','Movimiento',0,1814,0),('2020-10-09 22:53:55','Movimiento',1,1815,0),('2020-10-09 22:53:57','Sonido',56,1816,0),('2020-10-09 22:54:02','Luz',89,1817,0),('2020-10-09 22:54:03','Movimiento',0,1818,0),('2020-10-09 22:54:05','Sonido',58,1819,0),('2020-10-09 22:54:05','Movimiento',1,1820,0),('2020-10-09 22:54:10','Sonido',56,1821,0),('2020-10-09 22:54:12','Sonido',58,1822,0),('2020-10-09 22:54:25','Sonido',56,1823,0),('2020-10-09 22:54:25','Movimiento',0,1824,0),('2020-10-09 22:54:27','Luz',90,1825,0),('2020-10-09 22:54:28','Sonido',58,1826,0),('2020-10-09 22:54:28','Movimiento',1,1827,0),('2020-10-09 22:54:31','Movimiento',0,1828,0),('2020-10-09 22:54:34','Movimiento',1,1829,0),('2020-10-09 22:54:35','Luz',89,1830,0),('2020-10-09 22:54:36','Sonido',56,1831,0),('2020-10-09 22:54:38','Luz',90,1832,0),('2020-10-09 22:54:39','Sonido',58,1833,0),('2020-10-09 22:54:41','Luz',89,1834,0),('2020-10-09 22:54:42','Movimiento',0,1835,0),('2020-10-09 22:54:44','Movimiento',1,1836,0),('2020-10-09 22:54:46','Sonido',56,1837,0),('2020-10-09 22:54:47','Movimiento',0,1838,0),('2020-10-09 22:54:49','Sonido',58,1839,0),('2020-10-09 22:54:49','Movimiento',1,1840,0),('2020-10-09 22:54:54','Sonido',56,1841,0),('2020-10-09 22:54:57','Sonido',58,1842,0),('2020-10-09 22:54:59','Sonido',56,1843,0),('2020-10-09 22:54:59','Movimiento',0,1844,0),('2020-10-09 22:55:02','Sonido',58,1845,0),('2020-10-09 22:55:09','Sonido',56,1846,0),('2020-10-09 22:55:12','Sonido',58,1847,0),('2020-10-09 22:56:44','Luz',88,1848,0),('2020-10-09 22:59:45','Luz',87,1849,0),('2020-10-09 23:01:02','Luz',86,1850,0),('2020-10-09 23:01:03','Movimiento',1,1851,0),('2020-10-09 23:01:05','Luz',87,1852,0),('2020-10-09 23:01:08','Movimiento',0,1853,0),('2020-10-09 23:01:11','Movimiento',1,1854,0),('2020-10-09 23:01:18','Luz',88,1855,0),('2020-10-09 23:01:31','Movimiento',0,1856,0),('2020-10-09 23:01:33','Movimiento',1,1857,0),('2020-10-09 23:01:36','Movimiento',0,1858,0),('2020-10-09 23:01:38','Movimiento',1,1859,0),('2020-10-09 23:01:41','Movimiento',0,1860,0),('2020-10-09 23:01:51','Movimiento',1,1861,0),('2020-10-09 23:01:58','Movimiento',0,1862,0),('2020-10-09 23:02:30','Luz',87,1863,0),('2020-10-09 23:02:31','Movimiento',1,1864,0),('2020-10-09 23:02:33','Luz',88,1865,0),('2020-10-09 23:02:35','Luz',87,1866,0),('2020-10-09 23:02:38','Luz',88,1867,0),('2020-10-09 23:02:54','Movimiento',0,1868,0),('2020-10-09 23:02:56','Movimiento',1,1869,0),('2020-10-09 23:02:58','Luz',87,1870,0),('2020-10-09 23:03:01','Luz',88,1871,0),('2020-10-09 23:03:04','Movimiento',0,1872,0),('2020-10-09 23:03:06','Movimiento',1,1873,0),('2020-10-09 23:03:16','Movimiento',0,1874,0),('2020-10-09 23:03:21','Movimiento',1,1875,0),('2020-10-09 23:03:26','Movimiento',0,1876,0),('2020-10-09 23:03:29','Movimiento',1,1877,0),('2020-10-09 23:03:31','Luz',87,1878,0),('2020-10-09 23:03:31','Movimiento',0,1879,0),('2020-10-09 23:03:34','Movimiento',1,1880,0),('2020-10-09 23:03:36','Movimiento',0,1881,0),('2020-10-09 23:03:41','Luz',88,1882,0),('2020-10-09 23:03:41','Movimiento',1,1883,0),('2020-10-09 23:03:53','Luz',87,1884,0),('2020-10-09 23:03:56','Luz',88,1885,0),('2020-10-09 23:03:58','Luz',87,1886,0),('2020-10-09 23:03:59','Movimiento',0,1887,0),('2020-10-09 23:04:02','Movimiento',1,1888,0),('2020-10-09 23:04:04','Sonido',52,1889,0),('2020-10-09 23:04:04','Movimiento',0,1890,0),('2020-10-09 23:04:06','Sonido',58,1891,0),('2020-10-09 23:04:09','Luz',88,1892,0),('2020-10-09 23:04:09','Movimiento',1,1893,0),('2020-10-09 23:04:11','Luz',87,1894,0),('2020-10-09 23:04:12','Movimiento',0,1895,0),('2020-10-09 23:04:15','Movimiento',1,1896,0),('2020-10-09 23:04:17','Luz',88,1897,0),('2020-10-09 23:04:18','Movimiento',0,1898,0),('2020-10-09 23:04:20','Movimiento',1,1899,0),('2020-10-09 23:04:22','Luz',87,1900,0),('2020-10-09 23:04:23','Movimiento',0,1901,0),('2020-10-09 23:04:28','Movimiento',1,1902,0),('2020-10-09 23:04:38','Movimiento',0,1903,0),('2020-10-09 23:04:40','Luz',88,1904,0),('2020-10-09 23:04:40','Movimiento',1,1905,0),('2020-10-09 23:04:43','Sonido',56,1906,0),('2020-10-09 23:04:45','Luz',87,1907,0),('2020-10-09 23:04:45','Sonido',58,1908,0),('2020-10-09 23:04:48','Movimiento',0,1909,0),('2020-10-09 23:04:58','Movimiento',1,1910,0),('2020-10-09 23:05:34','Movimiento',0,1911,0),('2020-10-09 23:05:36','Movimiento',1,1912,0),('2020-10-09 23:05:39','Movimiento',0,1913,0),('2020-10-09 23:05:41','Movimiento',1,1914,0),('2020-10-09 23:05:48','Sonido',23,1915,0),('2020-10-09 23:05:51','Sonido',58,1916,0),('2020-10-09 23:05:56','Movimiento',0,1917,0),('2020-10-09 23:05:59','Movimiento',1,1918,0),('2020-10-09 23:06:11','Movimiento',0,1919,0),('2020-10-09 23:06:16','Movimiento',1,1920,0),('2020-10-09 23:06:38','Luz',85,1921,0),('2020-10-09 23:06:39','Sonido',60,1922,0),('2020-10-09 23:06:41','Luz',87,1923,0),('2020-10-09 23:06:44','Sonido',56,1924,0),('2020-10-09 23:06:47','Sonido',58,1925,0),('2020-10-09 23:07:12','Sonido',56,1926,0),('2020-10-09 23:07:14','Sonido',58,1927,0),('2020-10-09 23:07:17','Movimiento',0,1928,0),('2020-10-09 23:07:22','Movimiento',1,1929,0),('2020-10-09 23:07:40','Luz',86,1930,0),('2020-10-09 23:07:42','Luz',87,1931,0),('2020-10-09 23:07:45','Sonido',56,1932,0),('2020-10-09 23:07:48','Sonido',58,1933,0),('2020-10-09 23:07:50','Movimiento',0,1934,0),('2020-10-09 23:07:53','Movimiento',1,1935,0),('2020-10-09 23:07:56','Movimiento',0,1936,0),('2020-10-09 23:07:58','Sonido',56,1937,0),('2020-10-09 23:08:00','Sonido',58,1938,0),('2020-10-09 23:08:03','Movimiento',1,1939,0),('2020-10-09 23:08:11','Sonido',56,1940,0),('2020-10-09 23:08:13','Sonido',58,1941,0),('2020-10-09 23:08:13','Movimiento',0,1942,0),('2020-10-09 23:08:16','Movimiento',1,1943,0),('2020-10-09 23:08:18','Luz',86,1944,0),('2020-10-09 23:08:18','Movimiento',0,1945,0),('2020-10-09 23:08:20','Luz',87,1946,0),('2020-10-09 23:08:23','Movimiento',1,1947,0),('2020-10-09 23:08:36','Movimiento',0,1948,0),('2020-10-09 23:08:39','Movimiento',1,1949,0),('2020-10-09 23:08:45','Luz',86,1950,0),('2020-10-09 23:08:46','Movimiento',0,1951,0),('2020-10-09 23:08:48','Luz',87,1952,0),('2020-10-09 23:08:51','Movimiento',1,1953,0),('2020-10-09 23:08:58','Luz',86,1954,0),('2020-10-09 23:08:58','Sonido',56,1955,0),('2020-10-09 23:09:03','Luz',85,1956,0),('2020-10-09 23:09:06','Luz',86,1957,0),('2020-10-09 23:09:14','Movimiento',0,1958,0),('2020-10-09 23:09:16','Sonido',58,1959,0),('2020-10-09 23:09:19','Luz',78,1960,0),('2020-10-09 23:09:19','Sonido',56,1961,0),('2020-10-09 23:09:19','Movimiento',1,1962,0),('2020-10-09 23:09:21','Luz',86,1963,0),('2020-10-09 23:09:24','Sonido',54,1964,0),('2020-10-09 23:09:27','Sonido',56,1965,0),('2020-10-09 23:09:31','Temperatura',22,1966,0),('2020-10-09 23:09:31','Humedad',33,1967,0),('2020-10-09 23:09:36','Temperatura',23,1968,0),('2020-10-09 23:09:36','Humedad',34,1969,0),('2020-10-09 23:09:37','Luz',87,1970,0),('2020-10-09 23:09:47','Luz',86,1971,0),('2020-10-09 23:09:49','Luz',87,1972,0),('2020-10-09 23:09:52','Luz',86,1973,0),('2020-10-09 23:09:57','Movimiento',0,1974,0),('2020-10-09 23:10:07','Movimiento',1,1975,0),('2020-10-09 23:10:15','Movimiento',0,1976,0),('2020-10-09 23:10:17','Sonido',58,1977,0),('2020-10-09 23:10:18','Movimiento',1,1978,0),('2020-10-09 23:10:20','Sonido',56,1979,0),('2020-10-09 23:10:20','Movimiento',0,1980,0),('2020-10-09 23:10:23','Movimiento',1,1981,0),('2020-10-09 23:10:25','Luz',87,1982,0),('2020-10-09 23:10:25','Movimiento',0,1983,0),('2020-10-09 23:10:27','Luz',86,1984,0),('2020-10-09 23:10:30','Movimiento',1,1985,0),('2020-10-09 23:10:33','Movimiento',0,1986,0),('2020-10-09 23:10:35','Movimiento',1,1987,0),('2020-10-09 23:10:48','Movimiento',0,1988,0),('2020-10-09 23:10:53','Movimiento',1,1989,0),('2020-10-09 23:10:58','Movimiento',0,1990,0),('2020-10-09 23:11:01','Movimiento',1,1991,0),('2020-10-09 23:11:03','Luz',87,1992,0),('2020-10-09 23:11:04','Movimiento',0,1993,0),('2020-10-09 23:11:09','Movimiento',1,1994,0),('2020-10-09 23:11:11','Luz',86,1995,0),('2020-10-09 23:11:16','Movimiento',0,1996,0),('2020-10-09 23:11:29','Movimiento',1,1997,0),('2020-10-09 23:11:31','Movimiento',0,1998,0),('2020-10-09 23:11:36','Movimiento',1,1999,0),('2020-10-09 23:11:49','Movimiento',0,2000,0),('2020-10-09 23:11:52','Movimiento',1,2001,0),('2020-10-09 23:11:59','Movimiento',0,2002,0),('2020-10-09 23:12:01','Temperatura',22,2003,0),('2020-10-09 23:12:02','Humedad',33,2004,0),('2020-10-09 23:12:03','Movimiento',1,2005,0),('2020-10-09 23:12:05','Movimiento',0,2006,0),('2020-10-09 23:12:06','Temperatura',23,2007,0),('2020-10-09 23:12:07','Humedad',34,2008,0),('2020-10-09 23:12:08','Movimiento',1,2009,0),('2020-10-09 23:12:10','Movimiento',0,2010,0),('2020-10-09 23:12:13','Movimiento',1,2011,0),('2020-10-09 23:12:18','Movimiento',0,2012,0),('2020-10-09 23:12:20','Movimiento',1,2013,0),('2020-10-09 23:12:28','Movimiento',0,2014,0),('2020-10-09 23:12:30','Movimiento',1,2015,0),('2020-10-09 23:12:33','Movimiento',0,2016,0),('2020-10-09 23:12:36','Movimiento',1,2017,0),('2020-10-09 23:12:43','Movimiento',0,2018,0),('2020-10-09 23:12:46','Movimiento',1,2019,0),('2020-10-09 23:12:56','Movimiento',0,2020,0),('2020-10-09 23:12:58','Movimiento',1,2021,0),('2020-10-09 23:13:01','Movimiento',0,2022,0),('2020-10-09 23:13:13','Sonido',58,2023,0),('2020-10-09 23:13:14','Movimiento',1,2024,0),('2020-10-09 23:13:16','Movimiento',0,2025,0),('2020-10-09 23:13:18','Sonido',56,2026,0),('2020-10-09 23:13:29','Movimiento',1,2027,0),('2020-10-09 23:13:34','Movimiento',0,2028,0),('2020-10-09 23:13:36','Movimiento',1,2029,0),('2020-10-09 23:13:39','Movimiento',0,2030,0),('2020-10-09 23:13:41','Movimiento',1,2031,0),('2020-10-09 23:13:52','Movimiento',0,2032,0),('2020-10-09 23:13:54','Movimiento',1,2033,0),('2020-10-09 23:14:02','Movimiento',0,2034,0),('2020-10-09 23:14:17','Movimiento',1,2035,0),('2020-10-09 23:14:23','Temperatura',22,2036,0),('2020-10-09 23:14:24','Humedad',33,2037,0),('2020-10-09 23:14:25','Movimiento',0,2038,0),('2020-10-09 23:14:28','Temperatura',23,2039,0),('2020-10-09 23:14:29','Humedad',34,2040,0),('2020-10-09 23:14:47','Sonido',58,2041,0),('2020-10-09 23:14:52','Sonido',56,2042,0),('2020-10-09 23:14:59','Sonido',58,2043,0),('2020-10-09 23:15:02','Sonido',56,2044,0),('2020-10-09 23:15:10','Movimiento',1,2045,0),('2020-10-09 23:15:15','Sonido',58,2046,0),('2020-10-09 23:15:18','Sonido',56,2047,0),('2020-10-09 23:15:25','Sonido',58,2048,0),('2020-10-09 23:15:25','Movimiento',0,2049,0),('2020-10-09 23:15:28','Movimiento',1,2050,0),('2020-10-09 23:15:31','Movimiento',0,2051,0),('2020-10-09 23:15:33','Movimiento',1,2052,0),('2020-10-09 23:15:35','Sonido',56,2053,0),('2020-10-09 23:15:41','Movimiento',0,2054,0),('2020-10-09 23:15:43','Sonido',58,2055,0),('2020-10-09 23:15:45','Sonido',56,2056,0),('2020-10-09 23:15:46','Movimiento',1,2057,0),('2020-10-09 23:15:48','Sonido',58,2058,0),('2020-10-09 23:15:51','Movimiento',0,2059,0),('2020-10-09 23:15:53','Sonido',56,2060,0),('2020-10-09 23:16:05','Sonido',58,2061,0),('2020-10-09 23:16:08','Sonido',56,2062,0),('2020-10-09 23:16:09','Movimiento',1,2063,0),('2020-10-09 23:16:11','Sonido',58,2064,0),('2020-10-09 23:16:13','Sonido',56,2065,0),('2020-10-09 23:16:19','Movimiento',0,2066,0),('2020-10-09 23:16:21','Sonido',58,2067,0),('2020-10-09 23:16:21','Movimiento',1,2068,0),('2020-10-09 23:16:24','Movimiento',0,2069,0),('2020-10-09 23:16:26','Sonido',56,2070,0),('2020-10-09 23:16:28','Sonido',58,2071,0),('2020-10-09 23:16:29','Movimiento',1,2072,0),('2020-10-09 23:16:31','Sonido',56,2073,0),('2020-10-09 23:16:36','Sonido',58,2074,0),('2020-10-09 23:16:41','Sonido',56,2075,0),('2020-10-09 23:16:44','Sonido',58,2076,0),('2020-10-09 23:16:46','Sonido',56,2077,0),('2020-10-09 23:16:46','Movimiento',0,2078,0),('2020-10-09 23:16:54','Sonido',58,2079,0),('2020-10-09 23:16:54','Movimiento',1,2080,0),('2020-10-09 23:16:59','Movimiento',0,2081,0),('2020-10-09 23:17:04','Movimiento',1,2082,0),('2020-10-09 23:17:09','Sonido',56,2083,0),('2020-10-09 23:17:09','Movimiento',0,2084,0),('2020-10-09 23:17:11','Sonido',58,2085,0),('2020-10-09 23:17:14','Sonido',52,2086,0),('2020-10-09 23:17:18','Sonido',58,2087,0),('2020-10-09 23:17:19','Movimiento',1,2088,0),('2020-10-09 23:17:31','Sonido',56,2089,0),('2020-10-09 23:17:34','Sonido',58,2090,0),('2020-10-09 23:17:37','Movimiento',0,2091,0),('2020-10-09 23:17:42','Sonido',56,2092,0),('2020-10-09 23:17:44','Sonido',58,2093,0),('2020-10-09 23:17:50','Movimiento',1,2094,0),('2020-10-09 23:17:52','Sonido',56,2095,0),('2020-10-09 23:17:55','Sonido',58,2096,0),('2020-10-09 23:18:05','Movimiento',0,2097,0),('2020-10-09 23:18:13','Movimiento',1,2098,0),('2020-10-09 23:18:20','Sonido',56,2099,0),('2020-10-09 23:18:20','Movimiento',0,2100,0),('2020-10-09 23:18:22','Sonido',58,2101,0),('2020-10-09 23:18:23','Movimiento',1,2102,0),('2020-10-09 23:18:38','Movimiento',0,2103,0),('2020-10-09 23:18:40','Movimiento',1,2104,0),('2020-10-09 23:18:42','Sonido',56,2105,0),('2020-10-09 23:18:45','Sonido',58,2106,0),('2020-10-09 23:18:48','Sonido',56,2107,0),('2020-10-09 23:18:50','Sonido',58,2108,0),('2020-10-09 23:18:53','Movimiento',0,2109,0),('2020-10-09 23:18:55','Movimiento',1,2110,0),('2020-10-09 23:19:00','Movimiento',0,2111,0),('2020-10-09 23:19:03','Movimiento',1,2112,0),('2020-10-09 23:19:15','Sonido',56,2113,0),('2020-10-09 23:19:18','Sonido',58,2114,0),('2020-10-09 23:19:43','Sonido',56,2115,0),('2020-10-09 23:19:43','Movimiento',0,2116,0),('2020-10-09 23:19:45','Sonido',58,2117,0),('2020-10-09 23:19:46','Movimiento',1,2118,0),('2020-10-09 23:19:49','Movimiento',0,2119,0),('2020-10-09 23:19:51','Movimiento',1,2120,0),('2020-10-09 23:19:54','Movimiento',0,2121,0),('2020-10-09 23:20:04','Movimiento',1,2122,0),('2020-10-09 23:20:11','Sonido',56,2123,0),('2020-10-09 23:20:11','Movimiento',0,2124,0),('2020-10-09 23:20:14','Sonido',58,2125,0),('2020-10-09 23:20:14','Movimiento',1,2126,0),('2020-10-09 23:20:16','Sonido',56,2127,0),('2020-10-09 23:20:19','Sonido',58,2128,0),('2020-10-09 23:20:22','Sonido',56,2129,0),('2020-10-09 23:20:27','Sonido',58,2130,0),('2020-10-09 23:20:27','Movimiento',0,2131,0),('2020-10-09 23:20:29','Movimiento',1,2132,0),('2020-10-09 23:20:34','Movimiento',0,2133,0),('2020-10-09 23:20:37','Movimiento',1,2134,0),('2020-10-09 23:20:39','Sonido',56,2135,0),('2020-10-09 23:20:42','Sonido',58,2136,0),('2020-10-09 23:20:44','Sonido',56,2137,0),('2020-10-09 23:20:45','Movimiento',0,2138,0),('2020-10-09 23:20:47','Sonido',58,2139,0),('2020-10-09 23:20:47','Movimiento',1,2140,0),('2020-10-09 23:20:50','Sonido',56,2141,0),('2020-10-09 23:20:52','Sonido',58,2142,0),('2020-10-09 23:20:55','Sonido',56,2143,0),('2020-10-09 23:21:08','Movimiento',0,2144,0),('2020-10-09 23:21:10','Movimiento',1,2145,0),('2020-10-09 23:21:20','Sonido',58,2146,0),('2020-10-09 23:21:22','Luz',85,2147,0),('2020-10-09 23:21:23','Sonido',56,2148,0),('2020-10-09 23:21:25','Luz',86,2149,0),('2020-10-09 23:21:28','Movimiento',0,2150,0),('2020-10-09 23:21:30','Sonido',58,2151,0),('2020-10-09 23:21:31','Movimiento',1,2152,0),('2020-10-09 23:21:34','Sonido',56,2153,0),('2020-10-09 23:21:34','Movimiento',0,2154,0),('2020-10-09 23:21:36','Sonido',58,2155,0),('2020-10-09 23:21:39','Sonido',56,2156,0),('2020-10-09 23:21:44','Sonido',58,2157,0),('2020-10-09 23:21:52','Movimiento',1,2158,0),('2020-10-09 23:21:57','Movimiento',0,2159,0),('2020-10-09 23:21:59','Movimiento',1,2160,0),('2020-10-09 23:22:01','Sonido',56,2161,0),('2020-10-09 23:22:04','Sonido',58,2162,0),('2020-10-09 23:22:06','Sonido',56,2163,0),('2020-10-09 23:22:09','Sonido',58,2164,0),('2020-10-09 23:22:12','Sonido',56,2165,0),('2020-10-09 23:22:17','Sonido',58,2166,0),('2020-10-09 23:22:20','Movimiento',0,2167,0),('2020-10-09 23:22:25','Movimiento',1,2168,0),('2020-10-09 23:22:30','Movimiento',0,2169,0),('2020-10-09 23:22:32','Movimiento',1,2170,0),('2020-10-09 23:22:35','Sonido',56,2171,0),('2020-10-09 23:22:37','Sonido',58,2172,0),('2020-10-09 23:22:40','Sonido',56,2173,0),('2020-10-09 23:22:56','Movimiento',0,2174,0),('2020-10-09 23:22:58','Movimiento',1,2175,0),('2020-10-09 23:23:08','Movimiento',0,2176,0),('2020-10-09 23:23:13','Movimiento',1,2177,0),('2020-10-09 23:23:19','Movimiento',0,2178,0),('2020-10-09 23:23:24','Movimiento',1,2179,0),('2020-10-09 23:23:47','Movimiento',0,2180,0),('2020-10-09 23:23:50','Movimiento',1,2181,0),('2020-10-09 23:23:57','Sonido',58,2182,0),('2020-10-09 23:23:58','Movimiento',0,2183,0),('2020-10-09 23:24:01','Movimiento',1,2184,0),('2020-10-09 23:24:03','Sonido',56,2185,0),('2020-10-09 23:24:03','Movimiento',0,2186,0),('2020-10-09 23:24:08','Luz',85,2187,0),('2020-10-09 23:24:08','Movimiento',1,2188,0),('2020-10-09 23:24:10','Luz',86,2189,0),('2020-10-09 23:24:11','Sonido',58,2190,0),('2020-10-09 23:24:13','Luz',23,2191,0),('2020-10-09 23:24:13','Sonido',56,2192,0),('2020-10-09 23:24:14','Movimiento',0,2193,0),('2020-10-09 23:24:15','Luz',86,2194,0),('2020-10-09 23:24:16','Sonido',58,2195,0),('2020-10-09 23:24:16','Movimiento',1,2196,0),('2020-10-09 23:24:21','Sonido',56,2197,0),('2020-10-09 23:24:21','Movimiento',0,2198,0),('2020-10-09 23:24:24','Movimiento',1,2199,0),('2020-10-09 23:24:26','Movimiento',0,2200,0),('2020-10-09 23:24:29','Movimiento',1,2201,0),('2020-10-09 23:24:37','Movimiento',0,2202,0),('2020-10-09 23:24:39','Movimiento',1,2203,0),('2020-10-09 23:24:41','Luz',85,2204,0),('2020-10-09 23:24:41','Sonido',58,2205,0),('2020-10-09 23:24:44','Luz',86,2206,0),('2020-10-09 23:24:46','Sonido',56,2207,0),('2020-10-09 23:24:59','Luz',85,2208,0),('2020-10-09 23:25:01','Luz',86,2209,0),('2020-10-09 23:25:09','Luz',85,2210,0),('2020-10-09 23:25:09','Movimiento',0,2211,0),('2020-10-09 23:25:12','Sonido',58,2212,0),('2020-10-09 23:25:14','Sonido',56,2213,0),('2020-10-09 23:25:14','Movimiento',1,2214,0),('2020-10-09 23:25:16','Luz',86,2215,0),('2020-10-09 23:25:26','Luz',85,2216,0),('2020-10-09 23:25:27','Movimiento',0,2217,0),('2020-10-09 23:25:29','Movimiento',1,2218,0),('2020-10-09 23:25:32','Sonido',58,2219,0),('2020-10-09 23:25:32','Movimiento',0,2220,0),('2020-10-09 23:25:35','Movimiento',1,2221,0),('2020-10-09 23:25:36','Luz',86,2222,0),('2020-10-09 23:25:37','Sonido',56,2223,0),('2020-10-09 23:25:37','Movimiento',0,2224,0),('2020-10-09 23:25:39','Sonido',58,2225,0),('2020-10-09 23:25:42','Sonido',56,2226,0),('2020-10-09 23:25:42','Movimiento',1,2227,0),('2020-10-09 23:25:47','Movimiento',0,2228,0),('2020-10-09 23:25:49','Sonido',58,2229,0),('2020-10-09 23:25:50','Movimiento',1,2230,0),('2020-10-09 23:25:55','Movimiento',0,2231,0),('2020-10-09 23:25:57','Movimiento',1,2232,0),('2020-10-09 23:25:59','Sonido',56,2233,0),('2020-10-09 23:26:05','Movimiento',0,2234,0),('2020-10-09 23:26:07','Sonido',58,2235,0),('2020-10-09 23:26:07','Movimiento',1,2236,0),('2020-10-09 23:26:09','Luz',85,2237,0),('2020-10-09 23:26:10','Sonido',56,2238,0),('2020-10-09 23:26:10','Movimiento',0,2239,0),('2020-10-09 23:26:12','Movimiento',1,2240,0),('2020-10-09 23:26:20','Sonido',58,2241,0),('2020-10-09 23:26:22','Sonido',56,2242,0),('2020-10-09 23:26:27','Sonido',58,2243,0),('2020-10-09 23:26:33','Movimiento',0,2244,0),('2020-10-09 23:26:35','Movimiento',1,2245,0),('2020-10-09 23:26:37','Sonido',56,2246,0),('2020-10-09 23:26:43','Movimiento',0,2247,0),('2020-10-09 23:26:45','Sonido',58,2248,0),('2020-10-09 23:26:45','Movimiento',1,2249,0),('2020-10-09 23:26:47','Luz',86,2250,0),('2020-10-09 23:26:50','Sonido',56,2251,0),('2020-10-09 23:26:53','Sonido',58,2252,0),('2020-10-09 23:26:54','Movimiento',0,2253,0),('2020-10-09 23:26:59','Movimiento',1,2254,0),('2020-10-09 23:27:01','Luz',85,2255,0),('2020-10-09 23:27:01','Sonido',56,2256,0),('2020-10-09 23:27:04','Sonido',58,2257,0),('2020-10-09 23:27:06','Sonido',56,2258,0),('2020-10-09 23:27:09','Sonido',58,2259,0),('2020-10-09 23:27:11','Sonido',56,2260,0),('2020-10-09 23:27:12','Movimiento',0,2261,0),('2020-10-09 23:27:14','Movimiento',1,2262,0),('2020-10-09 23:27:17','Movimiento',0,2263,0),('2020-10-09 23:27:19','Movimiento',1,2264,0),('2020-10-09 23:27:21','Luz',86,2265,0),('2020-10-09 23:27:22','Movimiento',0,2266,0),('2020-10-09 23:27:24','Movimiento',1,2267,0),('2020-10-09 23:27:27','Luz',85,2268,0),('2020-10-09 23:27:27','Movimiento',0,2269,0),('2020-10-09 23:27:30','Movimiento',1,2270,0),('2020-10-09 23:27:37','Luz',86,2271,0),('2020-10-09 23:27:44','Luz',85,2272,0),('2020-10-09 23:27:55','Movimiento',0,2273,0),('2020-10-09 23:27:57','Sonido',58,2274,0),('2020-10-09 23:28:00','Luz',86,2275,0),('2020-10-09 23:28:00','Sonido',56,2276,0),('2020-10-09 23:28:00','Movimiento',1,2277,0),('2020-10-09 23:28:05','Movimiento',0,2278,0),('2020-10-09 23:28:13','Luz',85,2279,0),('2020-10-09 23:28:15','Luz',86,2280,0),('2020-10-09 23:28:18','Sonido',58,2281,0),('2020-10-09 23:28:18','Movimiento',1,2282,0),('2020-10-09 23:28:23','Sonido',56,2283,0),('2020-10-09 23:28:23','Movimiento',0,2284,0),('2020-10-09 23:28:28','Luz',85,2285,0),('2020-10-09 23:28:28','Movimiento',1,2286,0),('2020-10-09 23:28:39','Movimiento',0,2287,0),('2020-10-09 23:28:41','Movimiento',1,2288,0),('2020-10-09 23:28:50','Luz',86,2289,0),('2020-10-09 23:28:56','Luz',85,2290,0),('2020-10-09 23:28:58','Luz',86,2291,0),('2020-10-09 23:29:01','Movimiento',0,2292,0),('2020-10-09 23:29:04','Movimiento',1,2293,0),('2020-10-09 23:29:06','Movimiento',0,2294,0),('2020-10-09 23:29:09','Movimiento',1,2295,0),('2020-10-09 23:29:13','Luz',85,2296,0),('2020-10-09 23:29:21','Sonido',58,2297,0),('2020-10-09 23:29:24','Sonido',56,2298,0),('2020-10-09 23:29:24','Movimiento',0,2299,0),('2020-10-09 23:29:26','Luz',86,2300,0),('2020-10-09 23:29:26','Sonido',58,2301,0),('2020-10-09 23:29:27','Movimiento',1,2302,0),('2020-10-09 23:29:29','Luz',85,2303,0),('2020-10-09 23:29:29','Movimiento',0,2304,0),('2020-10-09 23:29:31','Luz',86,2305,0),('2020-10-09 23:29:34','Luz',85,2306,0),('2020-10-09 23:29:34','Sonido',56,2307,0),('2020-10-09 23:29:34','Movimiento',1,2308,0),('2020-10-09 23:29:39','Movimiento',0,2309,0),('2020-10-09 23:29:44','Sonido',58,2310,0),('2020-10-09 23:29:45','Movimiento',1,2311,0),('2020-10-09 23:29:50','Luz',86,2312,0),('2020-10-09 23:29:50','Movimiento',0,2313,0),('2020-10-09 23:29:53','Movimiento',1,2314,0),('2020-10-09 23:29:57','Luz',85,2315,0),('2020-10-09 23:29:57','Sonido',56,2316,0),('2020-10-09 23:29:58','Movimiento',0,2317,0),('2020-10-09 23:30:00','Luz',86,2318,0),('2020-10-09 23:30:00','Sonido',58,2319,0),('2020-10-09 23:30:00','Movimiento',1,2320,0),('2020-10-09 23:30:03','Sonido',56,2321,0),('2020-10-09 23:30:05','Sonido',58,2322,0),('2020-10-09 23:30:07','Luz',85,2323,0),('2020-10-09 23:30:08','Sonido',56,2324,0),('2020-10-09 23:30:08','Movimiento',0,2325,0),('2020-10-09 23:30:10','Sonido',58,2326,0),('2020-10-09 23:30:13','Sonido',56,2327,0),('2020-10-09 23:30:15','Luz',86,2328,0),('2020-10-09 23:30:15','Movimiento',1,2329,0),('2020-10-09 23:30:18','Luz',85,2330,0),('2020-10-09 23:30:23','Luz',86,2331,0),('2020-10-09 23:30:25','Luz',85,2332,0),('2020-10-09 23:30:28','Luz',86,2333,0),('2020-10-09 23:30:28','Sonido',58,2334,0),('2020-10-09 23:30:31','Sonido',56,2335,0),('2020-10-09 23:30:31','Movimiento',0,2336,0),('2020-10-09 23:30:33','Movimiento',1,2337,0),('2020-10-09 23:30:35','Luz',85,2338,0),('2020-10-09 23:30:38','Luz',86,2339,0),('2020-10-09 23:30:38','Sonido',58,2340,0),('2020-10-09 23:30:40','Luz',85,2341,0),('2020-10-09 23:30:41','Sonido',56,2342,0),('2020-10-09 23:30:48','Luz',86,2343,0),('2020-10-09 23:30:51','Movimiento',0,2344,0),('2020-10-09 23:30:53','Luz',85,2345,0),('2020-10-09 23:30:54','Movimiento',1,2346,0),('2020-10-09 23:30:56','Sonido',58,2347,0),('2020-10-09 23:30:58','Sonido',56,2348,0),('2020-10-09 23:30:59','Movimiento',0,2349,0),('2020-10-09 23:31:01','Movimiento',1,2350,0),('2020-10-09 23:31:09','Movimiento',0,2351,0),('2020-10-09 23:31:11','Sonido',58,2352,0),('2020-10-09 23:31:14','Sonido',56,2353,0),('2020-10-09 23:31:14','Movimiento',1,2354,0),('2020-10-09 23:31:18','Luz',86,2355,0),('2020-10-09 23:31:24','Movimiento',0,2356,0),('2020-10-09 23:31:29','Movimiento',1,2357,0),('2020-10-09 23:31:31','Luz',85,2358,0),('2020-10-09 23:31:36','Movimiento',0,2359,0),('2020-10-09 23:31:38','Luz',86,2360,0),('2020-10-09 23:31:39','Movimiento',1,2361,0),('2020-10-09 23:31:46','Luz',82,2362,0),('2020-10-09 23:31:47','Movimiento',0,2363,0),('2020-10-09 23:31:48','Luz',85,2364,0),('2020-10-09 23:31:49','Movimiento',1,2365,0),('2020-10-09 23:31:51','Luz',86,2366,0),('2020-10-09 23:31:59','Luz',85,2367,0),('2020-10-09 23:32:09','Movimiento',0,2368,0),('2020-10-09 23:32:12','Movimiento',1,2369,0),('2020-10-09 23:32:14','Movimiento',0,2370,0),('2020-10-09 23:32:19','Luz',86,2371,0),('2020-10-09 23:32:19','Movimiento',1,2372,0),('2020-10-09 23:32:32','Movimiento',0,2373,0),('2020-10-09 23:32:39','Movimiento',1,2374,0),('2020-10-09 23:32:41','Luz',85,2375,0),('2020-10-09 23:32:42','Movimiento',0,2376,0),('2020-10-09 23:32:45','Movimiento',1,2377,0),('2020-10-09 23:32:48','Movimiento',0,2378,0),('2020-10-09 23:32:50','Movimiento',1,2379,0),('2020-10-09 23:32:58','Movimiento',0,2380,0),('2020-10-09 23:33:00','Movimiento',1,2381,0),('2020-10-09 23:33:05','Movimiento',0,2382,0),('2020-10-09 23:33:18','Movimiento',1,2383,0),('2020-10-09 23:33:28','Luz',86,2384,0),('2020-10-09 23:33:32','Luz',85,2385,0),('2020-10-09 23:33:32','Movimiento',0,2386,0);
/*!40000 ALTER TABLE `capturas` ENABLE KEYS */;
UNLOCK TABLES;

--
-- Table structure for table `categoriaEquipo`
--

DROP TABLE IF EXISTS `categoriaEquipo`;
/*!40101 SET @saved_cs_client     = @@character_set_client */;
/*!50503 SET character_set_client = utf8mb4 */;
CREATE TABLE `categoriaEquipo` (
  `ID` int NOT NULL,
  `nombre` varchar(100) CHARACTER SET utf8mb4 COLLATE utf8mb4_0900_ai_ci DEFAULT NULL,
  `descripcion` varchar(500) CHARACTER SET utf8mb4 COLLATE utf8mb4_0900_ai_ci DEFAULT NULL,
  PRIMARY KEY (`ID`)
) ENGINE=InnoDB DEFAULT CHARSET=utf8mb4 COLLATE=utf8mb4_0900_ai_ci;
/*!40101 SET character_set_client = @saved_cs_client */;

--
-- Dumping data for table `categoriaEquipo`
--

LOCK TABLES `categoriaEquipo` WRITE;
/*!40000 ALTER TABLE `categoriaEquipo` DISABLE KEYS */;
INSERT INTO `categoriaEquipo` VALUES (1,'param1','equipo1'),(2,'equipo2','equipo2'),(3,'equipo3','equipo3'),(5,'equipo5','equipo5'),(6,'equipo6',NULL),(7,'equipo7',NULL),(11,'equipo11','equipo11'),(12,'equipo12',NULL),(14,'equipo14',NULL),(15,'equipo15','equipo15');
/*!40000 ALTER TABLE `categoriaEquipo` ENABLE KEYS */;
UNLOCK TABLES;

--
-- Table structure for table `concentrador`
--

DROP TABLE IF EXISTS `concentrador`;
/*!40101 SET @saved_cs_client     = @@character_set_client */;
/*!50503 SET character_set_client = utf8mb4 */;
CREATE TABLE `concentrador` (
  `ID` int NOT NULL,
  `nombre` varchar(100) CHARACTER SET utf8mb4 COLLATE utf8mb4_0900_ai_ci DEFAULT NULL,
  `descripcion` varchar(500) CHARACTER SET utf8mb4 COLLATE utf8mb4_0900_ai_ci DEFAULT NULL,
  `clave_externa` varchar(10) CHARACTER SET utf8mb4 COLLATE utf8mb4_0900_ai_ci DEFAULT NULL,
  `gisLatitud` float DEFAULT NULL,
  `gisLongitud` float DEFAULT NULL,
  `macAddress` varchar(17) CHARACTER SET utf8mb4 COLLATE utf8mb4_0900_ai_ci DEFAULT NULL,
  `numeroSerie` int DEFAULT NULL,
  `categoriaEqId` int NOT NULL,
  `macAddress2` varchar(17) CHARACTER SET utf8mb4 COLLATE utf8mb4_0900_ai_ci DEFAULT NULL,
  `ipAddress` varchar(15) CHARACTER SET utf8mb4 COLLATE utf8mb4_0900_ai_ci DEFAULT NULL,
  `ipPort` int DEFAULT NULL,
  `accessURL` varchar(500) CHARACTER SET utf8mb4 COLLATE utf8mb4_0900_ai_ci DEFAULT NULL,
  PRIMARY KEY (`ID`),
  KEY `categoriaEqId` (`categoriaEqId`),
  CONSTRAINT `concentrador_ibfk_1` FOREIGN KEY (`categoriaEqId`) REFERENCES `categoriaEquipo` (`ID`) ON DELETE RESTRICT ON UPDATE CASCADE
) ENGINE=InnoDB DEFAULT CHARSET=utf8mb4 COLLATE=utf8mb4_0900_ai_ci;
/*!40101 SET character_set_client = @saved_cs_client */;

--
-- Dumping data for table `concentrador`
--

LOCK TABLES `concentrador` WRITE;
/*!40000 ALTER TABLE `concentrador` DISABLE KEYS */;
INSERT INTO `concentrador` VALUES (1,NULL,NULL,NULL,NULL,NULL,NULL,NULL,1,NULL,NULL,NULL,NULL),(2,'concentrador2','N','dw342d',NULL,NULL,'00:00:00:ff:ff:ff',34,2,'N','128.0.0.2',423,'N'),(4,'concentrador4',NULL,NULL,NULL,NULL,NULL,13,7,NULL,NULL,NULL,NULL),(20,'concentrador20','concentrador20','afwq5235',-50.4,65.5,'00:00:34:ff:ff:00',346,3,'34:00:00:ff:ff:ff','128.0.0.3',43,'http://www.iroom.uah.es/concentrador20'),(21,'concentrador21',NULL,'234wtesgwe',-2.89,123.45,'34:00:00:ff:ff:ff',354,5,NULL,'128.0.0.4',463,NULL),(22,'concentrador22',NULL,'fewfwef45',-45.234,101.33,'45:00:cd:ff:ff:ff',334,6,NULL,'128.0.0.5',453,'http://www.iroom.uah.es/concentrador20'),(23,'concentrador23','concentrador23','aqeFG35',-78.4,55.5,'01:00:34:ff:ff:00',334,11,'34:03:00:ff:ff:ff','128.0.0.6',435,'http://www.iroom.uah.es/concentrador23');
/*!40000 ALTER TABLE `concentrador` ENABLE KEYS */;
UNLOCK TABLES;

--
-- Table structure for table `parametro`
--

DROP TABLE IF EXISTS `parametro`;
/*!40101 SET @saved_cs_client     = @@character_set_client */;
/*!50503 SET character_set_client = utf8mb4 */;
CREATE TABLE `parametro` (
  `ID` int NOT NULL,
  `categoriaEqId` int DEFAULT NULL,
  `nombre` varchar(100) CHARACTER SET utf8mb4 COLLATE utf8mb4_0900_ai_ci DEFAULT NULL,
  `descripcion` varchar(500) CHARACTER SET utf8mb4 COLLATE utf8mb4_0900_ai_ci DEFAULT NULL,
  `periodicidad` varchar(100) DEFAULT NULL,
  `unidades` int DEFAULT NULL,
  `umbralUp1` int DEFAULT NULL,
  `umbralUp2` int DEFAULT NULL,
  `umbralUp3` int DEFAULT NULL,
  `umbralUp4` int DEFAULT NULL,
  `umbralDown1` int DEFAULT NULL,
  `umbralDown2` int DEFAULT NULL,
  `umbralDown3` int DEFAULT NULL,
  `umbralDown4` int DEFAULT NULL,
  PRIMARY KEY (`ID`),
  KEY `categoriaEqId` (`categoriaEqId`),
  CONSTRAINT `parametro_ibfk_1` FOREIGN KEY (`categoriaEqId`) REFERENCES `categoriaEquipo` (`ID`) ON DELETE RESTRICT ON UPDATE CASCADE
) ENGINE=InnoDB DEFAULT CHARSET=utf8mb4 COLLATE=utf8mb4_0900_ai_ci;
/*!40101 SET character_set_client = @saved_cs_client */;

--
-- Dumping data for table `parametro`
--

LOCK TABLES `parametro` WRITE;
/*!40000 ALTER TABLE `parametro` DISABLE KEYS */;
INSERT INTO `parametro` VALUES (1,1,'parametro1',NULL,NULL,NULL,NULL,NULL,NULL,NULL,NULL,NULL,NULL,NULL),(2,2,'parametro2',NULL,'\'1 día\'',4,0,0,1,0,1,1,1,0),(3,3,'parametro3',NULL,'1 mes',2,1,0,0,0,1,0,0,0),(4,5,'parametro4','parametro4',NULL,4,1,1,1,1,0,1,1,0),(6,6,'parametro6',NULL,'2 días',1,50,0,0,0,-20,0,0,0),(7,7,'parametro7',NULL,NULL,NULL,NULL,NULL,NULL,NULL,NULL,NULL,NULL,NULL),(8,11,'parametro8','parametro8','3 días',10,100,1,1,0,25,1,0,1),(9,12,'parametro9',NULL,'1 año',6,65,0,0,0,0,1,0,0),(10,14,'parametro10',NULL,'3 semanas',13,50,1,0,1,-20,0,0,0),(11,15,'parametro11',NULL,'23 días',1,100,1,1,0,0,1,1,1);
/*!40000 ALTER TABLE `parametro` ENABLE KEYS */;
UNLOCK TABLES;

--
-- Table structure for table `parametros`
--

DROP TABLE IF EXISTS `parametros`;
/*!40101 SET @saved_cs_client     = @@character_set_client */;
/*!50503 SET character_set_client = utf8mb4 */;
CREATE TABLE `parametros` (
  `id` int NOT NULL,
  `umbralUp1` tinyint(1) DEFAULT NULL,
  `umbralDown1` tinyint(1) DEFAULT NULL,
  PRIMARY KEY (`id`)
) ENGINE=InnoDB DEFAULT CHARSET=utf8mb4 COLLATE=utf8mb4_0900_ai_ci;
/*!40101 SET character_set_client = @saved_cs_client */;

--
-- Dumping data for table `parametros`
--

LOCK TABLES `parametros` WRITE;
/*!40000 ALTER TABLE `parametros` DISABLE KEYS */;
INSERT INTO `parametros` VALUES (1,NULL,NULL),(2,NULL,NULL),(3,NULL,NULL),(4,NULL,NULL),(5,NULL,NULL),(6,NULL,NULL),(7,NULL,NULL),(8,NULL,NULL),(9,NULL,NULL),(10,NULL,NULL),(11,NULL,NULL),(12,NULL,NULL),(13,NULL,NULL),(14,NULL,NULL),(15,NULL,NULL),(16,NULL,NULL),(17,NULL,NULL),(18,NULL,NULL),(19,NULL,NULL),(20,NULL,NULL),(21,NULL,NULL),(22,NULL,NULL),(23,NULL,NULL),(24,NULL,NULL),(25,NULL,NULL),(26,NULL,NULL),(27,NULL,NULL),(28,NULL,NULL),(29,NULL,NULL),(30,NULL,NULL),(31,NULL,NULL),(32,NULL,NULL),(33,NULL,NULL),(34,NULL,NULL),(35,NULL,NULL),(36,NULL,NULL),(37,NULL,NULL),(38,NULL,NULL),(39,NULL,NULL),(40,NULL,NULL),(41,NULL,NULL),(42,NULL,NULL),(43,NULL,NULL),(44,NULL,NULL),(45,NULL,NULL),(46,NULL,NULL),(47,NULL,NULL),(48,NULL,NULL),(49,NULL,NULL),(50,NULL,NULL),(51,NULL,NULL),(52,NULL,NULL),(53,NULL,NULL),(54,NULL,NULL),(55,NULL,NULL),(56,NULL,NULL),(57,NULL,NULL),(58,NULL,NULL),(59,NULL,NULL),(60,NULL,NULL),(61,NULL,NULL),(62,NULL,NULL),(63,NULL,NULL),(64,NULL,NULL),(65,NULL,NULL),(66,NULL,NULL),(67,NULL,NULL),(68,NULL,NULL),(69,NULL,NULL),(70,NULL,NULL),(71,NULL,NULL),(72,NULL,NULL),(73,NULL,NULL),(74,NULL,NULL),(75,NULL,NULL),(76,NULL,NULL),(77,NULL,NULL),(78,NULL,NULL),(79,NULL,NULL),(80,NULL,NULL),(81,NULL,NULL),(82,NULL,NULL),(83,NULL,NULL),(84,NULL,NULL),(85,NULL,NULL),(86,NULL,NULL),(87,NULL,NULL),(88,NULL,NULL),(89,NULL,NULL),(90,NULL,NULL),(91,NULL,NULL),(92,NULL,NULL),(93,NULL,NULL),(94,NULL,NULL),(95,NULL,NULL),(96,NULL,NULL),(97,NULL,NULL),(98,NULL,NULL),(99,NULL,NULL),(100,NULL,NULL),(101,NULL,NULL),(102,NULL,NULL),(103,NULL,NULL),(104,NULL,NULL),(105,NULL,NULL),(106,NULL,NULL),(107,NULL,NULL),(108,NULL,NULL),(109,NULL,NULL),(110,NULL,NULL),(111,NULL,NULL),(112,NULL,NULL),(113,NULL,NULL),(114,NULL,NULL),(115,NULL,NULL),(116,NULL,NULL),(117,NULL,NULL),(118,NULL,NULL),(119,NULL,NULL),(120,NULL,NULL),(121,NULL,NULL),(122,NULL,NULL),(123,NULL,NULL),(124,NULL,NULL),(125,NULL,NULL),(126,NULL,NULL),(127,NULL,NULL),(128,NULL,NULL),(129,NULL,NULL),(130,NULL,NULL),(131,NULL,NULL),(132,NULL,NULL),(133,NULL,NULL),(134,NULL,NULL),(135,NULL,NULL),(136,NULL,NULL),(137,NULL,NULL),(138,NULL,NULL),(139,NULL,NULL),(140,NULL,NULL),(141,NULL,NULL),(142,NULL,NULL),(143,NULL,NULL),(144,NULL,NULL),(145,NULL,NULL),(146,NULL,NULL),(147,NULL,NULL),(148,NULL,NULL),(149,NULL,NULL),(150,NULL,NULL),(151,NULL,NULL),(152,NULL,NULL),(153,NULL,NULL),(154,NULL,NULL),(155,NULL,NULL),(156,NULL,NULL),(157,NULL,NULL),(158,NULL,NULL),(159,NULL,NULL),(160,NULL,NULL),(161,NULL,NULL),(162,NULL,NULL),(163,NULL,NULL),(164,NULL,NULL),(165,NULL,NULL),(166,NULL,NULL),(167,NULL,NULL),(168,NULL,NULL),(169,NULL,NULL),(170,NULL,NULL),(171,NULL,NULL),(172,NULL,NULL),(173,NULL,NULL),(174,NULL,NULL),(175,NULL,NULL),(176,NULL,NULL),(177,NULL,NULL),(178,NULL,NULL),(179,NULL,NULL),(180,NULL,NULL),(181,NULL,NULL),(182,NULL,NULL),(183,NULL,NULL),(184,NULL,NULL),(185,NULL,NULL),(186,NULL,NULL),(187,NULL,NULL),(188,NULL,NULL),(189,NULL,NULL),(190,NULL,NULL),(191,NULL,NULL),(192,NULL,NULL),(193,NULL,NULL),(194,NULL,NULL),(195,NULL,NULL),(196,NULL,NULL),(197,NULL,NULL),(198,NULL,NULL),(199,NULL,NULL),(200,NULL,NULL),(201,NULL,NULL),(202,NULL,NULL),(203,NULL,NULL),(204,NULL,NULL),(205,NULL,NULL),(206,NULL,NULL),(207,NULL,NULL),(208,NULL,NULL),(209,NULL,NULL),(210,NULL,NULL),(211,NULL,NULL),(212,NULL,NULL),(213,NULL,NULL),(214,NULL,NULL),(215,NULL,NULL),(216,NULL,NULL),(217,NULL,NULL),(218,NULL,NULL),(219,NULL,NULL),(220,NULL,NULL),(221,NULL,NULL),(222,NULL,NULL),(223,NULL,NULL),(224,NULL,NULL),(225,NULL,NULL),(226,NULL,NULL),(227,NULL,NULL),(228,NULL,NULL),(229,NULL,NULL),(230,NULL,NULL),(231,NULL,NULL),(232,NULL,NULL),(233,NULL,NULL),(234,NULL,NULL),(235,NULL,NULL),(236,NULL,NULL),(237,NULL,NULL),(238,NULL,NULL),(239,NULL,NULL),(240,NULL,NULL),(241,NULL,NULL),(242,NULL,NULL),(243,NULL,NULL),(244,NULL,NULL),(245,NULL,NULL),(246,NULL,NULL),(247,NULL,NULL),(248,NULL,NULL),(249,NULL,NULL),(250,NULL,NULL),(251,NULL,NULL),(252,NULL,NULL),(253,NULL,NULL),(254,NULL,NULL),(255,NULL,NULL),(256,NULL,NULL),(257,NULL,NULL),(258,NULL,NULL),(259,NULL,NULL),(260,NULL,NULL),(261,NULL,NULL),(262,NULL,NULL),(263,NULL,NULL),(264,NULL,NULL),(265,NULL,NULL),(266,NULL,NULL),(267,NULL,NULL),(268,NULL,NULL),(269,NULL,NULL),(270,NULL,NULL),(271,NULL,NULL),(272,NULL,NULL),(273,NULL,NULL),(274,NULL,NULL),(275,NULL,NULL),(276,NULL,NULL),(277,NULL,NULL),(278,NULL,NULL),(279,NULL,NULL),(280,NULL,NULL),(281,NULL,NULL),(282,NULL,NULL),(283,NULL,NULL),(284,NULL,NULL),(285,NULL,NULL),(286,NULL,NULL),(287,NULL,NULL),(288,NULL,NULL),(289,NULL,NULL),(290,NULL,NULL),(291,NULL,NULL),(292,NULL,NULL),(293,NULL,NULL),(294,NULL,NULL),(295,NULL,NULL),(296,NULL,NULL),(297,NULL,NULL),(298,NULL,NULL),(299,NULL,NULL),(300,NULL,NULL),(301,NULL,NULL),(302,NULL,NULL),(303,NULL,NULL),(304,NULL,NULL),(305,NULL,NULL),(306,NULL,NULL),(307,NULL,NULL),(308,NULL,NULL),(309,NULL,NULL),(310,NULL,NULL),(311,NULL,NULL),(312,NULL,NULL),(313,NULL,NULL),(314,NULL,NULL),(315,NULL,NULL),(316,NULL,NULL),(317,NULL,NULL),(318,NULL,NULL),(319,NULL,NULL),(320,NULL,NULL),(321,NULL,NULL),(322,NULL,NULL),(323,NULL,NULL),(324,NULL,NULL),(325,NULL,NULL),(326,NULL,NULL),(327,NULL,NULL),(328,NULL,NULL),(329,NULL,NULL),(330,NULL,NULL),(331,NULL,NULL),(332,NULL,NULL),(333,NULL,NULL),(334,NULL,NULL),(335,NULL,NULL),(336,NULL,NULL),(337,NULL,NULL),(338,NULL,NULL),(339,NULL,NULL),(340,NULL,NULL),(341,NULL,NULL),(342,NULL,NULL),(343,NULL,NULL),(344,NULL,NULL),(345,NULL,NULL),(346,NULL,NULL),(347,NULL,NULL),(348,NULL,NULL),(349,NULL,NULL),(350,NULL,NULL),(351,NULL,NULL),(352,NULL,NULL),(353,NULL,NULL),(354,NULL,NULL),(355,NULL,NULL),(356,NULL,NULL),(357,NULL,NULL),(358,NULL,NULL),(359,NULL,NULL),(360,NULL,NULL),(361,NULL,NULL),(362,NULL,NULL),(363,NULL,NULL),(364,NULL,NULL),(365,NULL,NULL),(366,NULL,NULL),(367,NULL,NULL),(368,NULL,NULL),(369,NULL,NULL),(370,NULL,NULL),(371,NULL,NULL),(372,NULL,NULL),(373,NULL,NULL),(374,NULL,NULL),(375,NULL,NULL),(376,NULL,NULL),(377,NULL,NULL),(378,NULL,NULL),(379,NULL,NULL),(380,NULL,NULL),(381,NULL,NULL),(382,NULL,NULL),(383,NULL,NULL),(384,NULL,NULL),(385,NULL,NULL),(386,NULL,NULL),(387,NULL,NULL),(388,NULL,NULL),(389,NULL,NULL),(390,NULL,NULL),(391,NULL,NULL),(392,NULL,NULL),(393,NULL,NULL),(394,NULL,NULL),(395,NULL,NULL),(396,NULL,NULL),(397,NULL,NULL),(398,NULL,NULL),(399,NULL,NULL),(400,NULL,NULL),(401,NULL,NULL),(402,NULL,NULL),(403,NULL,NULL),(404,NULL,NULL),(405,NULL,NULL),(406,NULL,NULL),(407,NULL,NULL),(408,NULL,NULL),(409,NULL,NULL),(410,NULL,NULL),(411,NULL,NULL),(412,NULL,NULL),(413,NULL,NULL),(414,NULL,NULL),(415,NULL,NULL),(416,NULL,NULL),(417,NULL,NULL),(418,NULL,NULL),(419,NULL,NULL),(420,NULL,NULL),(421,NULL,NULL),(422,NULL,NULL),(423,NULL,NULL),(424,NULL,NULL),(425,NULL,NULL),(426,NULL,NULL),(427,NULL,NULL),(428,NULL,NULL),(429,NULL,NULL),(430,NULL,NULL),(431,NULL,NULL),(432,NULL,NULL),(433,NULL,NULL),(434,NULL,NULL),(435,NULL,NULL),(436,NULL,NULL),(437,NULL,NULL),(438,NULL,NULL),(439,NULL,NULL),(440,NULL,NULL),(441,NULL,NULL),(442,NULL,NULL),(443,NULL,NULL),(444,NULL,NULL),(445,NULL,NULL),(446,NULL,NULL),(447,NULL,NULL),(448,NULL,NULL),(449,NULL,NULL),(450,NULL,NULL),(451,NULL,NULL),(452,NULL,NULL),(453,NULL,NULL),(454,NULL,NULL),(455,NULL,NULL),(456,NULL,NULL),(457,NULL,NULL),(458,NULL,NULL),(459,NULL,NULL),(460,NULL,NULL),(461,NULL,NULL),(462,NULL,NULL),(463,NULL,NULL),(464,NULL,NULL),(465,NULL,NULL),(466,NULL,NULL),(467,NULL,NULL),(468,NULL,NULL),(469,NULL,NULL),(470,NULL,NULL),(471,NULL,NULL),(472,NULL,NULL),(473,NULL,NULL),(474,NULL,NULL),(475,NULL,NULL),(476,NULL,NULL),(477,NULL,NULL),(478,NULL,NULL),(479,NULL,NULL),(480,NULL,NULL),(481,NULL,NULL),(482,NULL,NULL),(483,NULL,NULL),(484,NULL,NULL),(485,NULL,NULL),(486,NULL,NULL),(487,NULL,NULL),(488,NULL,NULL),(489,NULL,NULL),(490,NULL,NULL),(491,NULL,NULL),(492,NULL,NULL),(493,NULL,NULL),(494,NULL,NULL),(495,NULL,NULL),(496,NULL,NULL),(497,NULL,NULL),(498,NULL,NULL),(499,NULL,NULL),(500,NULL,NULL),(501,NULL,NULL),(502,NULL,NULL),(503,NULL,NULL),(504,NULL,NULL),(505,NULL,NULL),(506,NULL,NULL),(507,NULL,NULL),(508,NULL,NULL),(509,NULL,NULL),(510,NULL,NULL),(511,NULL,NULL),(512,NULL,NULL),(513,NULL,NULL),(514,NULL,NULL),(515,NULL,NULL),(516,NULL,NULL),(517,NULL,NULL),(518,NULL,NULL),(519,NULL,NULL),(520,NULL,NULL),(521,NULL,NULL),(522,NULL,NULL),(523,NULL,NULL),(524,NULL,NULL),(525,NULL,NULL),(526,NULL,NULL),(527,NULL,NULL),(528,NULL,NULL),(529,NULL,NULL),(530,NULL,NULL),(531,NULL,NULL),(532,NULL,NULL),(533,NULL,NULL),(534,NULL,NULL),(535,NULL,NULL),(536,NULL,NULL),(537,NULL,NULL),(538,NULL,NULL),(539,NULL,NULL),(540,NULL,NULL),(541,NULL,NULL),(542,NULL,NULL),(543,NULL,NULL),(544,NULL,NULL),(545,NULL,NULL),(546,NULL,NULL),(547,NULL,NULL),(548,NULL,NULL),(549,NULL,NULL),(550,NULL,NULL),(551,NULL,NULL),(552,NULL,NULL),(553,NULL,NULL),(554,NULL,NULL),(555,NULL,NULL),(556,NULL,NULL),(557,NULL,NULL),(558,NULL,NULL),(559,NULL,NULL),(560,NULL,NULL),(561,NULL,NULL),(562,NULL,NULL),(563,NULL,NULL),(564,NULL,NULL),(565,NULL,NULL),(566,NULL,NULL),(567,NULL,NULL),(568,NULL,NULL),(569,NULL,NULL),(570,NULL,NULL),(571,NULL,NULL),(572,NULL,NULL),(573,NULL,NULL),(574,NULL,NULL),(575,NULL,NULL),(576,NULL,NULL),(577,NULL,NULL),(578,NULL,NULL),(579,NULL,NULL),(580,NULL,NULL),(581,NULL,NULL),(582,NULL,NULL),(583,NULL,NULL),(584,NULL,NULL),(585,NULL,NULL),(586,NULL,NULL),(587,NULL,NULL),(588,NULL,NULL),(589,NULL,NULL),(590,NULL,NULL),(591,NULL,NULL),(592,NULL,NULL),(593,NULL,NULL),(594,NULL,NULL),(595,NULL,NULL),(596,NULL,NULL),(597,NULL,NULL),(598,NULL,NULL),(599,NULL,NULL),(600,NULL,NULL),(601,NULL,NULL),(602,NULL,NULL),(603,NULL,NULL),(604,NULL,NULL),(605,NULL,NULL),(606,NULL,NULL),(607,NULL,NULL),(608,NULL,NULL),(609,NULL,NULL),(610,NULL,NULL),(611,NULL,NULL),(612,NULL,NULL),(613,NULL,NULL),(614,NULL,NULL),(615,NULL,NULL),(616,NULL,NULL),(617,NULL,NULL),(618,NULL,NULL),(619,NULL,NULL),(620,NULL,NULL),(621,NULL,NULL),(622,NULL,NULL),(623,NULL,NULL),(624,NULL,NULL),(625,NULL,NULL),(626,NULL,NULL),(627,NULL,NULL),(628,NULL,NULL),(629,NULL,NULL),(630,NULL,NULL),(631,NULL,NULL),(632,NULL,NULL),(633,NULL,NULL),(634,NULL,NULL),(635,NULL,NULL),(636,NULL,NULL),(637,NULL,NULL),(638,NULL,NULL),(639,NULL,NULL),(640,NULL,NULL),(641,NULL,NULL),(642,NULL,NULL),(643,NULL,NULL),(644,NULL,NULL),(645,NULL,NULL),(646,NULL,NULL),(647,NULL,NULL),(648,NULL,NULL),(649,NULL,NULL),(650,NULL,NULL),(651,NULL,NULL),(652,NULL,NULL),(653,NULL,NULL),(654,NULL,NULL),(655,NULL,NULL),(656,NULL,NULL),(657,NULL,NULL),(658,NULL,NULL),(659,NULL,NULL),(660,NULL,NULL),(661,NULL,NULL),(662,NULL,NULL),(663,NULL,NULL),(664,NULL,NULL),(665,NULL,NULL),(666,NULL,NULL),(667,NULL,NULL),(668,NULL,NULL),(669,NULL,NULL),(670,NULL,NULL),(671,NULL,NULL),(672,NULL,NULL),(673,NULL,NULL),(674,NULL,NULL),(675,NULL,NULL),(676,NULL,NULL),(677,NULL,NULL),(678,NULL,NULL),(679,NULL,NULL),(680,NULL,NULL),(681,NULL,NULL),(682,NULL,NULL),(683,NULL,NULL),(684,NULL,NULL),(685,NULL,NULL),(686,NULL,NULL),(687,NULL,NULL),(688,NULL,NULL),(689,NULL,NULL),(690,NULL,NULL),(691,NULL,NULL),(692,NULL,NULL),(693,NULL,NULL),(694,NULL,NULL),(695,NULL,NULL),(696,NULL,NULL),(697,NULL,NULL),(698,NULL,NULL),(699,NULL,NULL),(700,NULL,NULL),(701,NULL,NULL),(702,NULL,NULL),(703,NULL,NULL),(704,NULL,NULL),(705,NULL,NULL),(706,NULL,NULL),(707,NULL,NULL),(708,NULL,NULL),(709,NULL,NULL),(710,NULL,NULL),(711,NULL,NULL),(712,NULL,NULL),(713,NULL,NULL),(714,NULL,NULL),(715,NULL,NULL),(716,NULL,NULL),(717,NULL,NULL),(718,NULL,NULL),(719,NULL,NULL),(720,NULL,NULL),(721,NULL,NULL),(722,NULL,NULL),(723,NULL,NULL),(724,NULL,NULL),(725,NULL,NULL),(726,NULL,NULL),(727,NULL,NULL),(728,NULL,NULL),(729,NULL,NULL),(730,NULL,NULL),(731,NULL,NULL),(732,NULL,NULL),(733,NULL,NULL),(734,NULL,NULL),(735,NULL,NULL),(736,NULL,NULL),(737,NULL,NULL),(738,NULL,NULL),(739,NULL,NULL),(740,NULL,NULL),(741,NULL,NULL),(742,NULL,NULL),(743,NULL,NULL),(744,NULL,NULL),(745,NULL,NULL),(746,NULL,NULL),(747,NULL,NULL),(748,NULL,NULL),(749,NULL,NULL),(750,NULL,NULL),(751,NULL,NULL),(752,NULL,NULL),(753,NULL,NULL),(754,NULL,NULL),(755,NULL,NULL),(756,NULL,NULL),(757,NULL,NULL),(758,NULL,NULL),(759,NULL,NULL),(760,NULL,NULL),(761,NULL,NULL),(762,NULL,NULL),(763,NULL,NULL),(764,NULL,NULL),(765,NULL,NULL),(766,NULL,NULL),(767,NULL,NULL),(768,NULL,NULL),(769,NULL,NULL),(770,NULL,NULL),(771,NULL,NULL),(772,NULL,NULL),(773,NULL,NULL),(774,NULL,NULL),(775,NULL,NULL),(776,NULL,NULL),(777,NULL,NULL),(778,NULL,NULL),(779,NULL,NULL),(780,NULL,NULL),(781,NULL,NULL),(782,NULL,NULL),(783,NULL,NULL),(784,NULL,NULL),(785,NULL,NULL),(786,NULL,NULL),(787,NULL,NULL),(788,NULL,NULL),(789,NULL,NULL),(790,NULL,NULL),(791,NULL,NULL),(792,NULL,NULL),(793,NULL,NULL),(794,NULL,NULL),(795,NULL,NULL),(796,NULL,NULL),(797,NULL,NULL),(798,NULL,NULL),(799,NULL,NULL),(800,NULL,NULL),(801,NULL,NULL),(802,NULL,NULL),(803,NULL,NULL),(804,NULL,NULL),(805,NULL,NULL),(806,NULL,NULL),(807,NULL,NULL),(808,NULL,NULL),(809,NULL,NULL),(810,NULL,NULL),(811,NULL,NULL),(812,NULL,NULL),(813,NULL,NULL),(814,NULL,NULL),(815,NULL,NULL),(816,NULL,NULL),(817,NULL,NULL),(818,NULL,NULL),(819,NULL,NULL),(820,NULL,NULL),(821,NULL,NULL),(822,NULL,NULL),(823,NULL,NULL),(824,NULL,NULL),(825,NULL,NULL),(826,NULL,NULL),(827,NULL,NULL),(828,NULL,NULL),(829,NULL,NULL),(830,NULL,NULL),(831,NULL,NULL),(832,NULL,NULL),(833,NULL,NULL),(834,NULL,NULL),(835,NULL,NULL),(836,NULL,NULL),(837,NULL,NULL),(838,NULL,NULL),(839,NULL,NULL),(840,NULL,NULL),(841,NULL,NULL),(842,NULL,NULL),(843,NULL,NULL),(844,NULL,NULL),(845,NULL,NULL),(846,NULL,NULL),(847,NULL,NULL),(848,NULL,NULL),(849,NULL,NULL),(850,NULL,NULL),(851,NULL,NULL),(852,NULL,NULL),(853,NULL,NULL),(854,NULL,NULL),(855,NULL,NULL),(856,NULL,NULL),(857,NULL,NULL),(858,NULL,NULL),(859,NULL,NULL),(860,NULL,NULL),(861,NULL,NULL),(862,NULL,NULL),(863,NULL,NULL),(864,NULL,NULL),(865,NULL,NULL),(866,NULL,NULL),(867,NULL,NULL),(868,NULL,NULL),(869,NULL,NULL),(870,NULL,NULL),(871,NULL,NULL),(872,NULL,NULL),(873,NULL,NULL),(874,NULL,NULL),(875,NULL,NULL),(876,NULL,NULL),(877,NULL,NULL),(878,NULL,NULL),(879,NULL,NULL),(880,NULL,NULL),(881,NULL,NULL),(882,NULL,NULL),(883,NULL,NULL),(884,NULL,NULL),(885,NULL,NULL),(886,NULL,NULL),(887,NULL,NULL),(888,NULL,NULL),(889,NULL,NULL),(890,NULL,NULL),(891,NULL,NULL),(892,NULL,NULL),(893,NULL,NULL),(894,NULL,NULL),(895,NULL,NULL),(896,NULL,NULL),(897,NULL,NULL),(898,NULL,NULL),(899,NULL,NULL),(900,NULL,NULL),(901,NULL,NULL),(902,NULL,NULL),(903,NULL,NULL),(904,NULL,NULL),(905,NULL,NULL),(906,NULL,NULL),(907,NULL,NULL),(908,NULL,NULL),(909,NULL,NULL),(910,NULL,NULL),(911,NULL,NULL),(912,NULL,NULL),(913,NULL,NULL),(914,NULL,NULL),(915,NULL,NULL),(916,NULL,NULL),(917,NULL,NULL),(918,NULL,NULL),(919,NULL,NULL),(920,NULL,NULL),(921,NULL,NULL),(922,NULL,NULL),(923,NULL,NULL),(924,NULL,NULL),(925,NULL,NULL),(926,NULL,NULL),(927,NULL,NULL),(928,NULL,NULL),(929,NULL,NULL),(930,NULL,NULL),(931,NULL,NULL),(932,NULL,NULL),(933,NULL,NULL),(934,NULL,NULL),(935,NULL,NULL),(936,NULL,NULL),(937,NULL,NULL),(938,NULL,NULL),(939,NULL,NULL),(940,NULL,NULL),(941,NULL,NULL),(942,NULL,NULL),(943,NULL,NULL),(944,NULL,NULL),(945,NULL,NULL),(946,NULL,NULL),(947,NULL,NULL),(948,NULL,NULL),(949,NULL,NULL),(950,NULL,NULL),(951,NULL,NULL),(952,NULL,NULL),(953,NULL,NULL),(954,NULL,NULL),(955,NULL,NULL),(956,NULL,NULL),(957,NULL,NULL),(958,NULL,NULL),(959,NULL,NULL),(960,NULL,NULL),(961,NULL,NULL),(962,NULL,NULL),(963,NULL,NULL),(964,NULL,NULL),(965,NULL,NULL),(966,NULL,NULL),(967,NULL,NULL),(968,NULL,NULL),(969,NULL,NULL),(970,NULL,NULL),(971,NULL,NULL),(972,NULL,NULL),(973,NULL,NULL),(974,NULL,NULL),(975,NULL,NULL),(976,NULL,NULL),(977,NULL,NULL),(978,NULL,NULL),(979,NULL,NULL),(980,NULL,NULL),(981,NULL,NULL),(982,NULL,NULL),(983,NULL,NULL),(984,NULL,NULL),(985,NULL,NULL),(986,NULL,NULL),(987,NULL,NULL),(988,NULL,NULL),(989,NULL,NULL),(990,NULL,NULL),(991,NULL,NULL),(992,NULL,NULL),(993,NULL,NULL),(994,NULL,NULL),(995,NULL,NULL),(996,NULL,NULL),(997,NULL,NULL),(998,NULL,NULL),(999,NULL,NULL),(1000,NULL,NULL),(1001,NULL,NULL),(1002,NULL,NULL),(1003,NULL,NULL),(1004,NULL,NULL),(1005,NULL,NULL),(1006,NULL,NULL),(1007,NULL,NULL),(1008,NULL,NULL),(1009,NULL,NULL),(1010,NULL,NULL),(1011,NULL,NULL),(1012,NULL,NULL),(1013,NULL,NULL),(1014,NULL,NULL),(1015,NULL,NULL),(1016,NULL,NULL),(1017,NULL,NULL),(1018,NULL,NULL),(1019,NULL,NULL),(1020,NULL,NULL),(1021,NULL,NULL),(1022,NULL,NULL),(1023,NULL,NULL),(1024,NULL,NULL),(1025,NULL,NULL),(1026,NULL,NULL),(1027,NULL,NULL),(1028,NULL,NULL),(1029,NULL,NULL),(1030,NULL,NULL),(1031,NULL,NULL),(1032,NULL,NULL),(1033,NULL,NULL),(1034,NULL,NULL),(1035,NULL,NULL),(1036,NULL,NULL),(1037,NULL,NULL),(1038,NULL,NULL),(1039,NULL,NULL),(1040,NULL,NULL),(1041,NULL,NULL),(1042,NULL,NULL),(1043,NULL,NULL),(1044,NULL,NULL),(1045,NULL,NULL),(1046,NULL,NULL),(1047,NULL,NULL),(1048,NULL,NULL),(1049,NULL,NULL),(1050,NULL,NULL),(1051,NULL,NULL),(1052,NULL,NULL),(1053,NULL,NULL),(1054,NULL,NULL),(1055,NULL,NULL),(1056,NULL,NULL),(1057,NULL,NULL),(1058,NULL,NULL),(1059,NULL,NULL),(1060,NULL,NULL),(1061,NULL,NULL),(1062,NULL,NULL),(1063,NULL,NULL),(1064,NULL,NULL),(1065,NULL,NULL),(1066,NULL,NULL),(1067,NULL,NULL),(1068,NULL,NULL),(1069,NULL,NULL),(1070,NULL,NULL),(1071,NULL,NULL),(1072,NULL,NULL),(1073,NULL,NULL),(1074,NULL,NULL),(1075,NULL,NULL),(1076,NULL,NULL),(1077,NULL,NULL),(1078,NULL,NULL),(1079,NULL,NULL),(1080,NULL,NULL),(1081,NULL,NULL),(1082,NULL,NULL),(1083,NULL,NULL),(1084,NULL,NULL),(1085,NULL,NULL),(1086,NULL,NULL),(1087,NULL,NULL),(1088,NULL,NULL),(1089,NULL,NULL),(1090,NULL,NULL),(1091,NULL,NULL),(1092,NULL,NULL),(1093,NULL,NULL),(1094,NULL,NULL),(1095,NULL,NULL),(1096,NULL,NULL),(1097,NULL,NULL),(1098,NULL,NULL),(1099,NULL,NULL),(1100,NULL,NULL),(1101,NULL,NULL),(1102,NULL,NULL),(1103,NULL,NULL),(1104,NULL,NULL),(1105,NULL,NULL),(1106,NULL,NULL),(1107,NULL,NULL),(1108,NULL,NULL),(1109,NULL,NULL),(1110,NULL,NULL),(1111,NULL,NULL),(1112,NULL,NULL),(1113,NULL,NULL),(1114,NULL,NULL),(1115,NULL,NULL),(1116,NULL,NULL),(1117,NULL,NULL),(1118,NULL,NULL),(1119,NULL,NULL),(1120,NULL,NULL),(1121,NULL,NULL),(1122,NULL,NULL),(1123,NULL,NULL),(1124,NULL,NULL),(1125,NULL,NULL),(1126,NULL,NULL),(1127,NULL,NULL),(1128,NULL,NULL),(1129,NULL,NULL),(1130,NULL,NULL),(1131,NULL,NULL),(1132,NULL,NULL),(1133,NULL,NULL),(1134,NULL,NULL),(1135,NULL,NULL),(1136,NULL,NULL),(1137,NULL,NULL),(1138,NULL,NULL),(1139,NULL,NULL),(1140,NULL,NULL),(1141,NULL,NULL),(1142,NULL,NULL),(1143,NULL,NULL),(1144,NULL,NULL),(1145,NULL,NULL),(1146,NULL,NULL),(1147,NULL,NULL),(1148,NULL,NULL),(1149,NULL,NULL),(1150,NULL,NULL),(1151,NULL,NULL),(1152,NULL,NULL),(1153,NULL,NULL),(1154,NULL,NULL),(1155,NULL,NULL),(1156,NULL,NULL),(1157,NULL,NULL),(1158,NULL,NULL),(1159,NULL,NULL),(1160,NULL,NULL),(1161,NULL,NULL),(1162,NULL,NULL),(1163,NULL,NULL),(1164,NULL,NULL),(1165,NULL,NULL),(1166,NULL,NULL),(1167,NULL,NULL),(1168,NULL,NULL),(1169,NULL,NULL),(1170,NULL,NULL),(1171,NULL,NULL),(1172,NULL,NULL),(1173,NULL,NULL),(1174,NULL,NULL),(1175,NULL,NULL),(1176,NULL,NULL),(1177,NULL,NULL),(1178,NULL,NULL),(1179,NULL,NULL),(1180,NULL,NULL),(1181,NULL,NULL),(1182,NULL,NULL),(1183,NULL,NULL),(1184,NULL,NULL),(1185,NULL,NULL),(1186,NULL,NULL),(1187,NULL,NULL),(1188,NULL,NULL),(1189,NULL,NULL),(1190,NULL,NULL),(1191,NULL,NULL),(1192,NULL,NULL),(1193,NULL,NULL),(1194,NULL,NULL),(1195,NULL,NULL),(1196,NULL,NULL),(1197,NULL,NULL),(1198,NULL,NULL),(1199,NULL,NULL),(1200,NULL,NULL),(1201,NULL,NULL),(1202,NULL,NULL),(1203,NULL,NULL),(1204,NULL,NULL),(1205,NULL,NULL),(1206,NULL,NULL),(1207,NULL,NULL),(1208,NULL,NULL),(1209,NULL,NULL),(1210,NULL,NULL),(1211,NULL,NULL),(1212,NULL,NULL),(1213,NULL,NULL),(1214,NULL,NULL),(1215,NULL,NULL),(1216,NULL,NULL),(1217,NULL,NULL),(1218,NULL,NULL),(1219,NULL,NULL),(1220,NULL,NULL),(1221,NULL,NULL),(1222,NULL,NULL),(1223,NULL,NULL),(1224,NULL,NULL),(1225,NULL,NULL),(1226,NULL,NULL),(1227,NULL,NULL),(1228,NULL,NULL),(1229,NULL,NULL),(1230,NULL,NULL),(1231,NULL,NULL),(1232,NULL,NULL),(1233,NULL,NULL),(1234,NULL,NULL),(1235,NULL,NULL),(1236,NULL,NULL),(1237,NULL,NULL),(1238,NULL,NULL),(1239,NULL,NULL),(1240,NULL,NULL),(1241,NULL,NULL),(1242,NULL,NULL),(1243,NULL,NULL),(1244,NULL,NULL),(1245,NULL,NULL),(1246,NULL,NULL),(1247,NULL,NULL),(1248,NULL,NULL),(1249,NULL,NULL),(1250,NULL,NULL),(1251,NULL,NULL),(1252,NULL,NULL),(1253,NULL,NULL),(1254,NULL,NULL),(1255,NULL,NULL),(1256,NULL,NULL),(1257,NULL,NULL),(1258,NULL,NULL),(1259,NULL,NULL),(1260,NULL,NULL),(1261,NULL,NULL),(1262,NULL,NULL),(1263,NULL,NULL),(1264,NULL,NULL),(1265,NULL,NULL),(1266,NULL,NULL),(1267,NULL,NULL),(1268,NULL,NULL),(1269,NULL,NULL),(1270,NULL,NULL),(1271,NULL,NULL),(1272,NULL,NULL),(1273,NULL,NULL),(1274,NULL,NULL),(1275,NULL,NULL),(1276,NULL,NULL),(1277,NULL,NULL),(1278,NULL,NULL),(1279,NULL,NULL),(1280,NULL,NULL),(1281,NULL,NULL),(1282,NULL,NULL),(1283,NULL,NULL),(1284,NULL,NULL),(1285,NULL,NULL),(1286,NULL,NULL),(1287,NULL,NULL),(1288,NULL,NULL),(1289,NULL,NULL),(1290,NULL,NULL),(1291,NULL,NULL),(1292,NULL,NULL),(1293,NULL,NULL),(1294,NULL,NULL),(1295,NULL,NULL),(1296,NULL,NULL),(1297,NULL,NULL),(1298,NULL,NULL),(1299,NULL,NULL),(1300,NULL,NULL),(1301,NULL,NULL),(1302,NULL,NULL),(1303,NULL,NULL),(1304,NULL,NULL),(1305,NULL,NULL),(1306,NULL,NULL),(1307,NULL,NULL),(1308,NULL,NULL),(1309,NULL,NULL),(1310,NULL,NULL),(1311,NULL,NULL),(1312,NULL,NULL),(1313,NULL,NULL),(1314,NULL,NULL),(1315,NULL,NULL),(1316,NULL,NULL),(1317,NULL,NULL),(1318,NULL,NULL),(1319,NULL,NULL),(1320,NULL,NULL),(1321,NULL,NULL),(1322,NULL,NULL),(1323,NULL,NULL),(1324,NULL,NULL),(1325,NULL,NULL),(1326,NULL,NULL),(1327,NULL,NULL),(1328,NULL,NULL),(1329,NULL,NULL),(1330,NULL,NULL),(1331,NULL,NULL),(1332,NULL,NULL),(1333,NULL,NULL),(1334,NULL,NULL),(1335,NULL,NULL),(1336,NULL,NULL),(1337,NULL,NULL),(1338,NULL,NULL),(1339,NULL,NULL),(1340,NULL,NULL),(1341,NULL,NULL),(1342,NULL,NULL),(1343,NULL,NULL),(1344,NULL,NULL),(1345,NULL,NULL),(1346,NULL,NULL),(1347,NULL,NULL),(1348,NULL,NULL),(1349,NULL,NULL),(1350,NULL,NULL),(1351,NULL,NULL),(1352,NULL,NULL),(1353,NULL,NULL),(1354,NULL,NULL),(1355,NULL,NULL),(1356,NULL,NULL),(1357,NULL,NULL),(1358,NULL,NULL),(1359,NULL,NULL),(1360,NULL,NULL),(1361,NULL,NULL),(1362,NULL,NULL),(1363,NULL,NULL),(1364,NULL,NULL),(1365,NULL,NULL),(1366,NULL,NULL),(1367,NULL,NULL),(1368,NULL,NULL),(1369,NULL,NULL),(1370,NULL,NULL),(1371,NULL,NULL),(1372,NULL,NULL),(1373,NULL,NULL),(1374,NULL,NULL),(1375,NULL,NULL),(1376,NULL,NULL),(1377,NULL,NULL),(1378,NULL,NULL),(1379,NULL,NULL),(1380,NULL,NULL),(1381,NULL,NULL),(1382,NULL,NULL),(1383,NULL,NULL),(1384,NULL,NULL),(1385,NULL,NULL),(1386,NULL,NULL),(1387,NULL,NULL),(1388,NULL,NULL),(1389,NULL,NULL),(1390,NULL,NULL),(1391,NULL,NULL),(1392,NULL,NULL),(1393,NULL,NULL),(1394,NULL,NULL),(1395,NULL,NULL),(1396,NULL,NULL),(1397,NULL,NULL),(1398,NULL,NULL),(1399,NULL,NULL),(1400,NULL,NULL),(1401,NULL,NULL),(1402,NULL,NULL),(1403,NULL,NULL),(1404,NULL,NULL),(1405,NULL,NULL),(1406,NULL,NULL),(1407,NULL,NULL),(1408,NULL,NULL),(1409,NULL,NULL),(1410,NULL,NULL),(1411,NULL,NULL),(1412,NULL,NULL),(1413,NULL,NULL),(1414,NULL,NULL),(1415,NULL,NULL),(1416,NULL,NULL),(1417,NULL,NULL),(1418,NULL,NULL),(1419,NULL,NULL),(1420,NULL,NULL),(1421,NULL,NULL),(1422,NULL,NULL),(1423,NULL,NULL),(1424,NULL,NULL),(1425,NULL,NULL),(1426,NULL,NULL),(1427,NULL,NULL),(1428,NULL,NULL),(1429,NULL,NULL),(1430,NULL,NULL),(1431,NULL,NULL),(1432,NULL,NULL),(1433,NULL,NULL),(1434,NULL,NULL),(1435,NULL,NULL),(1436,NULL,NULL),(1437,NULL,NULL),(1438,NULL,NULL),(1439,NULL,NULL),(1440,NULL,NULL),(1441,NULL,NULL),(1442,NULL,NULL),(1443,NULL,NULL),(1444,NULL,NULL),(1445,NULL,NULL),(1446,NULL,NULL),(1447,NULL,NULL),(1448,NULL,NULL),(1449,NULL,NULL),(1450,NULL,NULL),(1451,NULL,NULL),(1452,NULL,NULL),(1453,NULL,NULL),(1454,NULL,NULL),(1455,NULL,NULL),(1456,NULL,NULL),(1457,NULL,NULL),(1458,NULL,NULL),(1459,NULL,NULL),(1460,NULL,NULL),(1461,NULL,NULL),(1462,NULL,NULL),(1463,NULL,NULL),(1464,NULL,NULL),(1465,NULL,NULL),(1466,NULL,NULL),(1467,NULL,NULL),(1468,NULL,NULL),(1469,NULL,NULL),(1470,NULL,NULL),(1471,NULL,NULL),(1472,NULL,NULL),(1473,NULL,NULL),(1474,NULL,NULL),(1475,NULL,NULL),(1476,NULL,NULL),(1477,NULL,NULL),(1478,NULL,NULL),(1479,NULL,NULL),(1480,NULL,NULL),(1481,NULL,NULL),(1482,NULL,NULL),(1483,NULL,NULL),(1484,NULL,NULL),(1485,NULL,NULL),(1486,NULL,NULL),(1487,NULL,NULL),(1488,NULL,NULL),(1489,NULL,NULL),(1490,NULL,NULL),(1491,NULL,NULL),(1492,NULL,NULL),(1493,NULL,NULL),(1494,NULL,NULL),(1495,NULL,NULL),(1496,NULL,NULL),(1497,NULL,NULL),(1498,NULL,NULL),(1499,NULL,NULL),(1500,NULL,NULL),(1501,NULL,NULL),(1502,NULL,NULL),(1503,NULL,NULL),(1504,NULL,NULL),(1505,NULL,NULL),(1506,NULL,NULL),(1507,NULL,NULL),(1508,NULL,NULL),(1509,NULL,NULL),(1510,NULL,NULL),(1511,NULL,NULL),(1512,NULL,NULL),(1513,NULL,NULL),(1514,NULL,NULL),(1515,NULL,NULL),(1516,NULL,NULL),(1517,NULL,NULL),(1518,NULL,NULL),(1519,NULL,NULL),(1520,NULL,NULL),(1521,NULL,NULL),(1522,NULL,NULL),(1523,NULL,NULL),(1524,NULL,NULL),(1525,NULL,NULL),(1526,NULL,NULL),(1527,NULL,NULL),(1528,NULL,NULL),(1529,NULL,NULL),(1530,NULL,NULL),(1531,NULL,NULL),(1532,NULL,NULL),(1533,NULL,NULL),(1534,NULL,NULL),(1535,NULL,NULL),(1536,NULL,NULL),(1537,NULL,NULL),(1538,NULL,NULL),(1539,NULL,NULL),(1540,NULL,NULL),(1541,NULL,NULL),(1542,NULL,NULL),(1543,NULL,NULL),(1544,NULL,NULL),(1545,NULL,NULL),(1546,NULL,NULL),(1547,NULL,NULL),(1548,NULL,NULL),(1549,NULL,NULL),(1550,NULL,NULL),(1551,NULL,NULL),(1552,NULL,NULL),(1553,NULL,NULL),(1554,NULL,NULL),(1555,NULL,NULL),(1556,NULL,NULL),(1557,NULL,NULL),(1558,NULL,NULL),(1559,NULL,NULL),(1560,NULL,NULL),(1561,NULL,NULL),(1562,NULL,NULL),(1563,NULL,NULL),(1564,NULL,NULL),(1565,NULL,NULL),(1566,NULL,NULL),(1567,NULL,NULL),(1568,NULL,NULL),(1569,NULL,NULL),(1570,NULL,NULL),(1571,NULL,NULL),(1572,NULL,NULL),(1573,NULL,NULL),(1574,NULL,NULL),(1575,NULL,NULL),(1576,NULL,NULL),(1577,NULL,NULL),(1578,NULL,NULL),(1579,NULL,NULL),(1580,NULL,NULL),(1581,NULL,NULL),(1582,NULL,NULL),(1583,NULL,NULL),(1584,NULL,NULL),(1585,NULL,NULL),(1586,NULL,NULL),(1587,NULL,NULL),(1588,NULL,NULL),(1589,NULL,NULL),(1590,NULL,NULL),(1591,NULL,NULL),(1592,NULL,NULL),(1593,NULL,NULL),(1594,NULL,NULL),(1595,NULL,NULL),(1596,NULL,NULL),(1597,NULL,NULL),(1598,NULL,NULL),(1599,NULL,NULL),(1600,NULL,NULL),(1601,NULL,NULL),(1602,NULL,NULL),(1603,NULL,NULL),(1604,NULL,NULL),(1605,NULL,NULL),(1606,NULL,NULL),(1607,NULL,NULL),(1608,NULL,NULL),(1609,NULL,NULL),(1610,NULL,NULL),(1611,NULL,NULL),(1612,NULL,NULL),(1613,NULL,NULL),(1614,NULL,NULL),(1615,NULL,NULL),(1616,NULL,NULL),(1617,NULL,NULL),(1618,NULL,NULL),(1619,NULL,NULL),(1620,NULL,NULL),(1621,NULL,NULL),(1622,NULL,NULL),(1623,NULL,NULL),(1624,NULL,NULL),(1625,NULL,NULL),(1626,NULL,NULL),(1627,NULL,NULL),(1628,NULL,NULL),(1629,NULL,NULL),(1630,NULL,NULL),(1631,NULL,NULL),(1632,NULL,NULL),(1633,NULL,NULL),(1634,NULL,NULL),(1635,NULL,NULL),(1636,NULL,NULL),(1637,NULL,NULL),(1638,NULL,NULL),(1639,NULL,NULL),(1640,NULL,NULL),(1641,NULL,NULL),(1642,NULL,NULL),(1643,NULL,NULL),(1644,NULL,NULL),(1645,NULL,NULL),(1646,NULL,NULL),(1647,NULL,NULL),(1648,NULL,NULL),(1649,NULL,NULL),(1650,NULL,NULL),(1651,NULL,NULL),(1652,NULL,NULL),(1653,NULL,NULL),(1654,NULL,NULL),(1655,NULL,NULL),(1656,NULL,NULL),(1657,NULL,NULL),(1658,NULL,NULL),(1659,NULL,NULL),(1660,NULL,NULL),(1661,NULL,NULL),(1662,NULL,NULL),(1663,NULL,NULL),(1664,NULL,NULL),(1665,NULL,NULL),(1666,NULL,NULL),(1667,NULL,NULL),(1668,NULL,NULL),(1669,NULL,NULL),(1670,NULL,NULL),(1671,NULL,NULL),(1672,NULL,NULL),(1673,NULL,NULL),(1674,NULL,NULL),(1675,NULL,NULL),(1676,NULL,NULL),(1677,NULL,NULL),(1678,NULL,NULL),(1679,NULL,NULL),(1680,NULL,NULL),(1681,NULL,NULL),(1682,NULL,NULL),(1683,NULL,NULL),(1684,NULL,NULL),(1685,NULL,NULL),(1686,NULL,NULL),(1687,NULL,NULL),(1688,NULL,NULL),(1689,NULL,NULL),(1690,NULL,NULL),(1691,NULL,NULL),(1692,NULL,NULL),(1693,NULL,NULL),(1694,NULL,NULL),(1695,NULL,NULL),(1696,NULL,NULL),(1697,NULL,NULL),(1698,NULL,NULL),(1699,NULL,NULL),(1700,NULL,NULL),(1701,NULL,NULL),(1702,NULL,NULL),(1703,NULL,NULL),(1704,NULL,NULL),(1705,NULL,NULL),(1706,NULL,NULL),(1707,NULL,NULL),(1708,NULL,NULL),(1709,NULL,NULL),(1710,NULL,NULL),(1711,NULL,NULL),(1712,NULL,NULL),(1713,NULL,NULL),(1714,NULL,NULL),(1715,NULL,NULL),(1716,NULL,NULL),(1717,NULL,NULL),(1718,NULL,NULL),(1719,NULL,NULL),(1720,NULL,NULL),(1721,NULL,NULL),(1722,NULL,NULL),(1723,NULL,NULL),(1724,NULL,NULL),(1725,NULL,NULL),(1726,NULL,NULL),(1727,NULL,NULL),(1728,NULL,NULL),(1729,NULL,NULL),(1730,NULL,NULL),(1731,NULL,NULL),(1732,NULL,NULL),(1733,NULL,NULL),(1734,NULL,NULL),(1735,NULL,NULL),(1736,NULL,NULL),(1737,NULL,NULL),(1738,NULL,NULL),(1739,NULL,NULL),(1740,NULL,NULL),(1741,NULL,NULL),(1742,NULL,NULL),(1743,NULL,NULL),(1744,NULL,NULL),(1745,NULL,NULL),(1746,NULL,NULL),(1747,NULL,NULL),(1748,NULL,NULL),(1749,NULL,NULL),(1750,NULL,NULL),(1751,NULL,NULL),(1752,NULL,NULL),(1753,NULL,NULL),(1754,NULL,NULL),(1755,NULL,NULL),(1756,NULL,NULL),(1757,NULL,NULL),(1758,NULL,NULL),(1759,NULL,NULL),(1760,NULL,NULL),(1761,NULL,NULL),(1762,NULL,NULL),(1763,NULL,NULL),(1764,NULL,NULL),(1765,NULL,NULL),(1766,NULL,NULL),(1767,NULL,NULL),(1768,NULL,NULL),(1769,NULL,NULL),(1770,NULL,NULL),(1771,NULL,NULL),(1772,NULL,NULL),(1773,NULL,NULL),(1774,NULL,NULL),(1775,NULL,NULL),(1776,NULL,NULL),(1777,NULL,NULL),(1778,NULL,NULL),(1779,NULL,NULL),(1780,NULL,NULL),(1781,NULL,NULL),(1782,NULL,NULL),(1783,NULL,NULL),(1784,NULL,NULL),(1785,NULL,NULL),(1786,NULL,NULL),(1787,NULL,NULL),(1788,NULL,NULL),(1789,NULL,NULL),(1790,NULL,NULL),(1791,NULL,NULL),(1792,NULL,NULL),(1793,NULL,NULL),(1794,NULL,NULL),(1795,NULL,NULL),(1796,NULL,NULL),(1797,NULL,NULL),(1798,NULL,NULL),(1799,NULL,NULL),(1800,NULL,NULL),(1801,NULL,NULL),(1802,NULL,NULL),(1803,NULL,NULL),(1804,NULL,NULL),(1805,NULL,NULL),(1806,NULL,NULL),(1807,NULL,NULL),(1808,NULL,NULL),(1809,NULL,NULL),(1810,NULL,NULL),(1811,NULL,NULL),(1812,NULL,NULL),(1813,NULL,NULL),(1814,NULL,NULL),(1815,NULL,NULL),(1816,NULL,NULL),(1817,NULL,NULL),(1818,NULL,NULL),(1819,NULL,NULL),(1820,NULL,NULL),(1821,NULL,NULL),(1822,NULL,NULL),(1823,NULL,NULL),(1824,NULL,NULL),(1825,NULL,NULL),(1826,NULL,NULL),(1827,NULL,NULL),(1828,NULL,NULL),(1829,NULL,NULL),(1830,NULL,NULL),(1831,NULL,NULL),(1832,NULL,NULL),(1833,NULL,NULL),(1834,NULL,NULL),(1835,NULL,NULL),(1836,NULL,NULL),(1837,NULL,NULL),(1838,NULL,NULL),(1839,NULL,NULL),(1840,NULL,NULL),(1841,NULL,NULL),(1842,NULL,NULL),(1843,NULL,NULL),(1844,NULL,NULL),(1845,NULL,NULL),(1846,NULL,NULL),(1847,NULL,NULL),(1848,NULL,NULL),(1849,NULL,NULL),(1850,NULL,NULL),(1851,NULL,NULL),(1852,NULL,NULL),(1853,NULL,NULL),(1854,NULL,NULL),(1855,NULL,NULL),(1856,NULL,NULL),(1857,NULL,NULL),(1858,NULL,NULL),(1859,NULL,NULL),(1860,NULL,NULL),(1861,NULL,NULL),(1862,NULL,NULL),(1863,NULL,NULL),(1864,NULL,NULL),(1865,NULL,NULL),(1866,NULL,NULL),(1867,NULL,NULL),(1868,NULL,NULL),(1869,NULL,NULL),(1870,NULL,NULL),(1871,NULL,NULL),(1872,NULL,NULL),(1873,NULL,NULL),(1874,NULL,NULL),(1875,NULL,NULL),(1876,NULL,NULL),(1877,NULL,NULL),(1878,NULL,NULL),(1879,NULL,NULL),(1880,NULL,NULL),(1881,NULL,NULL),(1882,NULL,NULL),(1883,NULL,NULL),(1884,NULL,NULL),(1885,NULL,NULL),(1886,NULL,NULL),(1887,NULL,NULL),(1888,NULL,NULL),(1889,NULL,NULL),(1890,NULL,NULL),(1891,NULL,NULL),(1892,NULL,NULL),(1893,NULL,NULL),(1894,NULL,NULL),(1895,NULL,NULL),(1896,NULL,NULL),(1897,NULL,NULL),(1898,NULL,NULL),(1899,NULL,NULL),(1900,NULL,NULL),(1901,NULL,NULL),(1902,NULL,NULL),(1903,NULL,NULL),(1904,NULL,NULL),(1905,NULL,NULL),(1906,NULL,NULL),(1907,NULL,NULL),(1908,NULL,NULL),(1909,NULL,NULL),(1910,NULL,NULL),(1911,NULL,NULL),(1912,NULL,NULL),(1913,NULL,NULL),(1914,NULL,NULL),(1915,NULL,NULL),(1916,NULL,NULL),(1917,NULL,NULL),(1918,NULL,NULL),(1919,NULL,NULL),(1920,NULL,NULL),(1921,NULL,NULL),(1922,NULL,NULL),(1923,NULL,NULL),(1924,NULL,NULL),(1925,NULL,NULL),(1926,NULL,NULL),(1927,NULL,NULL),(1928,NULL,NULL),(1929,NULL,NULL),(1930,NULL,NULL),(1931,NULL,NULL),(1932,NULL,NULL),(1933,NULL,NULL),(1934,NULL,NULL),(1935,NULL,NULL),(1936,NULL,NULL),(1937,NULL,NULL),(1938,NULL,NULL),(1939,NULL,NULL),(1940,NULL,NULL),(1941,NULL,NULL),(1942,NULL,NULL),(1943,NULL,NULL),(1944,NULL,NULL),(1945,NULL,NULL),(1946,NULL,NULL),(1947,NULL,NULL),(1948,NULL,NULL),(1949,NULL,NULL),(1950,NULL,NULL),(1951,NULL,NULL),(1952,NULL,NULL),(1953,NULL,NULL),(1954,NULL,NULL),(1955,NULL,NULL),(1956,NULL,NULL),(1957,NULL,NULL),(1958,NULL,NULL),(1959,NULL,NULL),(1960,NULL,NULL),(1961,NULL,NULL),(1962,NULL,NULL),(1963,NULL,NULL),(1964,NULL,NULL),(1965,NULL,NULL),(1966,NULL,NULL),(1967,NULL,NULL),(1968,NULL,NULL),(1969,NULL,NULL),(1970,NULL,NULL),(1971,NULL,NULL),(1972,NULL,NULL),(1973,NULL,NULL),(1974,NULL,NULL),(1975,NULL,NULL),(1976,NULL,NULL),(1977,NULL,NULL),(1978,NULL,NULL),(1979,NULL,NULL),(1980,NULL,NULL),(1981,NULL,NULL),(1982,NULL,NULL),(1983,NULL,NULL),(1984,NULL,NULL),(1985,NULL,NULL),(1986,NULL,NULL),(1987,NULL,NULL),(1988,NULL,NULL),(1989,NULL,NULL),(1990,NULL,NULL),(1991,NULL,NULL),(1992,NULL,NULL),(1993,NULL,NULL),(1994,NULL,NULL),(1995,NULL,NULL),(1996,NULL,NULL),(1997,NULL,NULL),(1998,NULL,NULL),(1999,NULL,NULL),(2000,NULL,NULL),(2001,NULL,NULL),(2002,NULL,NULL),(2003,NULL,NULL),(2004,NULL,NULL),(2005,NULL,NULL),(2006,NULL,NULL),(2007,NULL,NULL),(2008,NULL,NULL),(2009,NULL,NULL),(2010,NULL,NULL),(2011,NULL,NULL),(2012,NULL,NULL),(2013,NULL,NULL),(2014,NULL,NULL),(2015,NULL,NULL),(2016,NULL,NULL),(2017,NULL,NULL),(2018,NULL,NULL),(2019,NULL,NULL),(2020,NULL,NULL),(2021,NULL,NULL),(2022,NULL,NULL),(2023,NULL,NULL),(2024,NULL,NULL),(2025,NULL,NULL),(2026,NULL,NULL),(2027,NULL,NULL),(2028,NULL,NULL),(2029,NULL,NULL),(2030,NULL,NULL),(2031,NULL,NULL),(2032,NULL,NULL),(2033,NULL,NULL),(2034,NULL,NULL),(2035,NULL,NULL),(2036,NULL,NULL),(2037,NULL,NULL),(2038,NULL,NULL),(2039,NULL,NULL),(2040,NULL,NULL),(2041,NULL,NULL),(2042,NULL,NULL),(2043,NULL,NULL),(2044,NULL,NULL),(2045,NULL,NULL),(2046,NULL,NULL),(2047,NULL,NULL),(2048,NULL,NULL),(2049,NULL,NULL),(2050,NULL,NULL),(2051,NULL,NULL),(2052,NULL,NULL),(2053,NULL,NULL),(2054,NULL,NULL),(2055,NULL,NULL),(2056,NULL,NULL),(2057,NULL,NULL),(2058,NULL,NULL),(2059,NULL,NULL),(2060,NULL,NULL),(2061,NULL,NULL),(2062,NULL,NULL),(2063,NULL,NULL),(2064,NULL,NULL),(2065,NULL,NULL),(2066,NULL,NULL),(2067,NULL,NULL),(2068,NULL,NULL),(2069,NULL,NULL),(2070,NULL,NULL),(2071,NULL,NULL),(2072,NULL,NULL),(2073,NULL,NULL),(2074,NULL,NULL),(2075,NULL,NULL),(2076,NULL,NULL),(2077,NULL,NULL),(2078,NULL,NULL),(2079,NULL,NULL),(2080,NULL,NULL),(2081,NULL,NULL),(2082,NULL,NULL),(2083,NULL,NULL),(2084,NULL,NULL),(2085,NULL,NULL),(2086,NULL,NULL),(2087,NULL,NULL),(2088,NULL,NULL),(2089,NULL,NULL),(2090,NULL,NULL),(2091,NULL,NULL),(2092,NULL,NULL),(2093,NULL,NULL),(2094,NULL,NULL),(2095,NULL,NULL),(2096,NULL,NULL),(2097,NULL,NULL),(2098,NULL,NULL),(2099,NULL,NULL),(2100,NULL,NULL),(2101,NULL,NULL),(2102,NULL,NULL),(2103,NULL,NULL),(2104,NULL,NULL),(2105,NULL,NULL),(2106,NULL,NULL),(2107,NULL,NULL),(2108,NULL,NULL),(2109,NULL,NULL),(2110,NULL,NULL),(2111,NULL,NULL),(2112,NULL,NULL),(2113,NULL,NULL),(2114,NULL,NULL),(2115,NULL,NULL),(2116,NULL,NULL),(2117,NULL,NULL),(2118,NULL,NULL),(2119,NULL,NULL),(2120,NULL,NULL),(2121,NULL,NULL),(2122,NULL,NULL),(2123,NULL,NULL),(2124,NULL,NULL),(2125,NULL,NULL),(2126,NULL,NULL),(2127,NULL,NULL),(2128,NULL,NULL),(2129,NULL,NULL),(2130,NULL,NULL),(2131,NULL,NULL),(2132,NULL,NULL),(2133,NULL,NULL),(2134,NULL,NULL),(2135,NULL,NULL),(2136,NULL,NULL),(2137,NULL,NULL),(2138,NULL,NULL),(2139,NULL,NULL),(2140,NULL,NULL),(2141,NULL,NULL),(2142,NULL,NULL),(2143,NULL,NULL),(2144,NULL,NULL),(2145,NULL,NULL),(2146,NULL,NULL),(2147,NULL,NULL),(2148,NULL,NULL),(2149,NULL,NULL),(2150,NULL,NULL),(2151,NULL,NULL),(2152,NULL,NULL),(2153,NULL,NULL),(2154,NULL,NULL),(2155,NULL,NULL),(2156,NULL,NULL),(2157,NULL,NULL),(2158,NULL,NULL),(2159,NULL,NULL),(2160,NULL,NULL),(2161,NULL,NULL),(2162,NULL,NULL),(2163,NULL,NULL),(2164,NULL,NULL),(2165,NULL,NULL),(2166,NULL,NULL),(2167,NULL,NULL),(2168,NULL,NULL),(2169,NULL,NULL),(2170,NULL,NULL),(2171,NULL,NULL),(2172,NULL,NULL),(2173,NULL,NULL),(2174,NULL,NULL),(2175,NULL,NULL),(2176,NULL,NULL),(2177,NULL,NULL),(2178,NULL,NULL),(2179,NULL,NULL),(2180,NULL,NULL),(2181,NULL,NULL),(2182,NULL,NULL),(2183,NULL,NULL),(2184,NULL,NULL),(2185,NULL,NULL),(2186,NULL,NULL),(2187,NULL,NULL),(2188,NULL,NULL),(2189,NULL,NULL),(2190,NULL,NULL),(2191,NULL,NULL),(2192,NULL,NULL),(2193,NULL,NULL),(2194,NULL,NULL),(2195,NULL,NULL),(2196,NULL,NULL),(2197,NULL,NULL),(2198,NULL,NULL),(2199,NULL,NULL),(2200,NULL,NULL),(2201,NULL,NULL),(2202,NULL,NULL),(2203,NULL,NULL),(2204,NULL,NULL),(2205,NULL,NULL),(2206,NULL,NULL),(2207,NULL,NULL),(2208,NULL,NULL),(2209,NULL,NULL),(2210,NULL,NULL),(2211,NULL,NULL),(2212,NULL,NULL),(2213,NULL,NULL),(2214,NULL,NULL),(2215,NULL,NULL),(2216,NULL,NULL),(2217,NULL,NULL),(2218,NULL,NULL),(2219,NULL,NULL),(2220,NULL,NULL),(2221,NULL,NULL),(2222,NULL,NULL),(2223,NULL,NULL),(2224,NULL,NULL),(2225,NULL,NULL),(2226,NULL,NULL),(2227,NULL,NULL),(2228,NULL,NULL),(2229,NULL,NULL),(2230,NULL,NULL),(2231,NULL,NULL),(2232,NULL,NULL),(2233,NULL,NULL),(2234,NULL,NULL),(2235,NULL,NULL),(2236,NULL,NULL),(2237,NULL,NULL),(2238,NULL,NULL),(2239,NULL,NULL),(2240,NULL,NULL),(2241,NULL,NULL),(2242,NULL,NULL),(2243,NULL,NULL),(2244,NULL,NULL),(2245,NULL,NULL),(2246,NULL,NULL),(2247,NULL,NULL),(2248,NULL,NULL),(2249,NULL,NULL),(2250,NULL,NULL),(2251,NULL,NULL),(2252,NULL,NULL),(2253,NULL,NULL),(2254,NULL,NULL),(2255,NULL,NULL),(2256,NULL,NULL),(2257,NULL,NULL),(2258,NULL,NULL),(2259,NULL,NULL),(2260,NULL,NULL),(2261,NULL,NULL),(2262,NULL,NULL),(2263,NULL,NULL),(2264,NULL,NULL),(2265,NULL,NULL),(2266,NULL,NULL),(2267,NULL,NULL),(2268,NULL,NULL),(2269,NULL,NULL),(2270,NULL,NULL),(2271,NULL,NULL),(2272,NULL,NULL),(2273,NULL,NULL),(2274,NULL,NULL),(2275,NULL,NULL),(2276,NULL,NULL),(2277,NULL,NULL),(2278,NULL,NULL),(2279,NULL,NULL),(2280,NULL,NULL),(2281,NULL,NULL),(2282,NULL,NULL),(2283,NULL,NULL),(2284,NULL,NULL),(2285,NULL,NULL),(2286,NULL,NULL),(2287,NULL,NULL),(2288,NULL,NULL),(2289,NULL,NULL),(2290,NULL,NULL),(2291,NULL,NULL),(2292,NULL,NULL),(2293,NULL,NULL),(2294,NULL,NULL),(2295,NULL,NULL),(2296,NULL,NULL),(2297,NULL,NULL),(2298,NULL,NULL),(2299,NULL,NULL),(2300,NULL,NULL),(2301,NULL,NULL),(2302,NULL,NULL),(2303,NULL,NULL),(2304,NULL,NULL),(2305,NULL,NULL),(2306,NULL,NULL),(2307,NULL,NULL),(2308,NULL,NULL),(2309,NULL,NULL),(2310,NULL,NULL),(2311,NULL,NULL),(2312,NULL,NULL),(2313,NULL,NULL),(2314,NULL,NULL),(2315,NULL,NULL),(2316,NULL,NULL),(2317,NULL,NULL),(2318,NULL,NULL),(2319,NULL,NULL),(2320,NULL,NULL),(2321,NULL,NULL),(2322,NULL,NULL),(2323,NULL,NULL),(2324,NULL,NULL),(2325,NULL,NULL),(2326,NULL,NULL),(2327,NULL,NULL),(2328,NULL,NULL),(2329,NULL,NULL),(2330,NULL,NULL),(2331,NULL,NULL),(2332,NULL,NULL),(2333,NULL,NULL),(2334,NULL,NULL),(2335,NULL,NULL),(2336,NULL,NULL),(2337,NULL,NULL),(2338,NULL,NULL),(2339,NULL,NULL),(2340,NULL,NULL),(2341,NULL,NULL),(2342,NULL,NULL),(2343,NULL,NULL),(2344,NULL,NULL),(2345,NULL,NULL),(2346,NULL,NULL),(2347,NULL,NULL),(2348,NULL,NULL),(2349,NULL,NULL),(2350,NULL,NULL),(2351,NULL,NULL),(2352,NULL,NULL),(2353,NULL,NULL),(2354,NULL,NULL),(2355,NULL,NULL),(2356,NULL,NULL),(2357,NULL,NULL),(2358,NULL,NULL),(2359,NULL,NULL),(2360,NULL,NULL),(2361,NULL,NULL),(2362,NULL,NULL),(2363,NULL,NULL),(2364,NULL,NULL),(2365,NULL,NULL),(2366,NULL,NULL),(2367,NULL,NULL),(2368,NULL,NULL),(2369,NULL,NULL),(2370,NULL,NULL),(2371,NULL,NULL),(2372,NULL,NULL),(2373,NULL,NULL),(2374,NULL,NULL),(2375,NULL,NULL),(2376,NULL,NULL),(2377,NULL,NULL),(2378,NULL,NULL),(2379,NULL,NULL),(2380,NULL,NULL),(2381,NULL,NULL),(2382,NULL,NULL),(2383,NULL,NULL),(2384,NULL,NULL),(2385,NULL,NULL),(2386,NULL,NULL);
/*!40000 ALTER TABLE `parametros` ENABLE KEYS */;
UNLOCK TABLES;

--
-- Table structure for table `sensor`
--

DROP TABLE IF EXISTS `sensor`;
/*!40101 SET @saved_cs_client     = @@character_set_client */;
/*!50503 SET character_set_client = utf8mb4 */;
CREATE TABLE `sensor` (
  `ID` int NOT NULL,
  `nombre` varchar(100) CHARACTER SET utf8mb4 COLLATE utf8mb4_0900_ai_ci DEFAULT NULL,
  `descripcion` varchar(500) CHARACTER SET utf8mb4 COLLATE utf8mb4_0900_ai_ci DEFAULT NULL,
  `clave_externa` varchar(10) CHARACTER SET utf8mb4 COLLATE utf8mb4_0900_ai_ci DEFAULT NULL,
  `gisLatitud` int DEFAULT NULL,
  `gisLongitud` int DEFAULT NULL,
  `num` int DEFAULT NULL,
  `macAddress` varchar(17) CHARACTER SET utf8mb4 COLLATE utf8mb4_0900_ai_ci DEFAULT NULL,
  `numeroSerie` int DEFAULT NULL,
  `concentradorId` int NOT NULL,
  `categoriaEqId` int NOT NULL,
  PRIMARY KEY (`ID`),
  KEY `categoriaEqId` (`categoriaEqId`),
  KEY `concentradorId` (`concentradorId`),
  CONSTRAINT `sensor_ibfk_1` FOREIGN KEY (`categoriaEqId`) REFERENCES `categoriaEquipo` (`ID`) ON DELETE RESTRICT ON UPDATE CASCADE,
  CONSTRAINT `sensor_ibfk_2` FOREIGN KEY (`concentradorId`) REFERENCES `concentrador` (`ID`) ON DELETE RESTRICT ON UPDATE CASCADE
) ENGINE=InnoDB DEFAULT CHARSET=utf8mb4 COLLATE=utf8mb4_0900_ai_ci;
/*!40101 SET character_set_client = @saved_cs_client */;

--
-- Dumping data for table `sensor`
--

LOCK TABLES `sensor` WRITE;
/*!40000 ALTER TABLE `sensor` DISABLE KEYS */;
INSERT INTO `sensor` VALUES (3,'Temperatura','sensor3',NULL,-35,46,4,NULL,NULL,4,6),(4,'Temperatura',NULL,NULL,NULL,NULL,NULL,NULL,NULL,22,5),(5,'Humedad',NULL,NULL,NULL,NULL,NULL,NULL,3,4,1),(13,'Movimiento',NULL,'SAD44',NULL,NULL,NULL,NULL,4,23,11),(20,'Sonido','sensor20',NULL,-35,46,4,NULL,NULL,4,6),(30,'Luz',NULL,'DFS4',NULL,NULL,NULL,NULL,NULL,21,12);
/*!40000 ALTER TABLE `sensor` ENABLE KEYS */;
UNLOCK TABLES;
/*!40103 SET TIME_ZONE=@OLD_TIME_ZONE */;

/*!40101 SET SQL_MODE=@OLD_SQL_MODE */;
/*!40014 SET FOREIGN_KEY_CHECKS=@OLD_FOREIGN_KEY_CHECKS */;
/*!40014 SET UNIQUE_CHECKS=@OLD_UNIQUE_CHECKS */;
/*!40101 SET CHARACTER_SET_CLIENT=@OLD_CHARACTER_SET_CLIENT */;
/*!40101 SET CHARACTER_SET_RESULTS=@OLD_CHARACTER_SET_RESULTS */;
/*!40101 SET COLLATION_CONNECTION=@OLD_COLLATION_CONNECTION */;
/*!40111 SET SQL_NOTES=@OLD_SQL_NOTES */;

-- Dump completed on 2020-12-17 17:41:46
